rank,license_type,license_no,name,term,dominant_hand,sponsor,totalscore,avg_total,half1_score,half1_avg,half1_rank,FirstStage_score,FirstStage_rank,SecondStage_score,SecondStage_rank,half2_score,half2_avg,half2_rank,ThirdStage_score,ThirdStage_avg,ThirdStage_rank,ForthStage_score,ForthStage_avg,ForthStage_rank,score_13,score_14,score_15,stage5_3g_score,total15_score,total15_avg,total15_rank,score_16,score_17,score_18,stage6_3g_score,total18_score,total18_avg,total18_rank,score_19,score_20,score_21,stage7_3g_score,total21_score,total21_avg,total21_rank,score_22,score_23,score_24,stage8_3g_score
1,S,1078,山本 勲,44,左,ＡＢＳ,"5,479",228.29,"2,746",228.83,1,"1,334",2,"1,412",5,"2,733",227.75,2,"1,272",212.00,8,"1,461",243.50,3,235,222,181,638,"3,384",225.60,1,233,191,210,634,"4,018",223.22,1,234,217,238,689,"4,707",224.14,1,215,257,300,772
2,,1452,内藤 広人,61,右,岩屋ｷｬﾉﾝﾎﾞｳﾙ･(株)ｿｼｵｼﾞｬﾊﾟﾝ,"5,353",223.04,"2,694",224.50,3,"1,253",6,"1,441",1,"2,659",221.58,6,"1,273",212.16,7,"1,386",231.00,9,236,210,223,669,"3,363",224.20,2,134,223,247,604,"3,967",220.38,2,205,216,243,664,"4,631",220.52,3,215,249,258,722
3,S,1427,田中 椋也,59,右,クァトロブーム,"5,322",221.75,"2,653",221.08,4,"1,223",11,"1,430",4,"2,669",222.41,4,"1,270",211.66,9,"1,399",233.16,7,174,198,230,602,"3,255",217.00,5,269,224,175,668,"3,923",217.94,3,203,239,238,680,"4,603",219.19,4,243,234,242,719
4,S,1219,川添 奨太,49,右,ハイ･スポーツ社,"5,303",220.95,"2,490",207.50,19,"1,142",30,"1,348",15,"2,813",234.41,1,"1,383",230.50,1,"1,430",238.33,4,209,236,237,682,"3,172",211.46,12,256,227,218,701,"3,873",215.16,5,219,245,205,669,"4,542",216.28,6,300,202,259,761
5,S,1445,宮澤 拓哉,61,右,ﾊﾟｰｸﾚｰﾝ高崎･上武大学/ｻﾝﾌﾞﾘｯｼﾞ,"5,265",219.37,"2,556",213.00,11,"1,225",10,"1,331",17,"2,709",225.75,3,"1,363",227.16,2,"1,346",224.33,12,246,238,205,689,"3,245",216.33,6,185,244,245,674,"3,919",217.72,4,241,225,247,713,"4,632",220.57,2,196,234,203,633
6,S,1287,藤井 信人,52,右,ＩＴカンファー(株)ﾊｲ･ｽﾎﾟｰﾂ社,"5,194",216.41,"2,527",210.58,15,"1,206",14,"1,321",21,"2,667",222.25,5,"1,303",217.16,4,"1,364",227.33,10,245,217,207,669,"3,196",213.06,9,227,199,208,634,"3,830",212.77,8,244,224,245,713,"4,543",216.33,5,209,255,187,651
7,,1458,増田 優希,62,右,岩屋キャノンボウル,"5,170",215.41,"2,622",218.50,5,"1,267",4,"1,355",12,"2,548",212.33,14,"1,148",191.33,39,"1,400",233.33,6,164,216,162,542,"3,164",210.93,13,159,224,223,606,"3,770",209.44,12,213,240,225,678,"4,448",211.80,10,258,210,254,722
8,S,1423,安里 秀策,59,右,(株)コロナワールド,"5,132",213.83,"2,554",212.83,12,"1,143",29,"1,411",6,"2,578",214.83,10,"1,163",193.83,36,"1,415",235.83,5,193,221,189,603,"3,157",210.46,14,203,175,182,560,"3,717",206.50,18,235,258,237,730,"4,447",211.76,12,268,193,224,685
9,,1291,渡邊 雄也,52,右,(株)グランドボウル,"5,122",213.41,"2,554",212.83,13,"1,205",15,"1,349",14,"2,568",214.00,13,"1,228",204.66,19,"1,340",223.33,15,211,206,236,653,"3,207",213.80,8,202,167,206,575,"3,782",210.11,10,213,263,236,712,"4,494",214.00,8,235,222,171,628
10,,1479,立花 仁貴,63,右両手,フリー,"5,120",213.33,"2,585",215.41,8,"1,257",5,"1,328",19,"2,535",211.25,17,"1,222",203.66,21,"1,313",218.83,18,213,162,259,634,"3,219",214.60,7,193,213,182,588,"3,807",211.50,9,256,226,219,701,"4,508",214.66,7,238,179,195,612
11,S,1446,斎藤 祐太,61,右,株式会社ボウルスター,"5,080",211.66,"2,731",227.58,2,"1,292",3,"1,439",2,"2,349",195.75,43,"1,134",189.00,40,"1,215",202.50,43,183,201,195,579,"3,310",220.66,3,167,177,211,555,"3,865",214.72,7,210,194,179,583,"4,448",211.80,11,203,226,203,632
12,S,1429,大久保雄矢,60,左,プロショップ･エム エムボウル,"5,055",210.62,"2,615",217.91,6,"1,341",1,"1,274",33,"2,440",203.33,35,"1,162",193.66,38,"1,278",213.00,29,191,159,191,541,"3,156",210.40,15,254,148,219,621,"3,777",209.83,11,249,216,228,693,"4,470",212.85,9,164,198,223,585
13,S,1198,小林 哲也,48,左,ｲﾘｽﾎﾞｳﾙ･(株)ｺﾛﾅﾜｰﾙﾄﾞ･しんじ湖ﾎﾞｳﾙ,"5,051",210.45,"2,525",210.41,16,"1,201",16,"1,324",20,"2,526",210.50,18,"1,232",205.33,17,"1,294",215.66,25,246,173,182,601,"3,126",208.40,17,258,170,203,631,"3,757",208.72,14,175,218,227,620,"4,377",208.42,15,183,246,245,674
14,S ,974,永野すばる,40,右,相模原ﾊﾟｰｸﾚｰﾝｽﾞ,"5,050",210.41,"2,580",215.00,9,"1,209",13,"1,371",11,"2,470",205.83,26,"1,188",198.00,31,"1,282",213.66,28,224,180,208,612,"3,192",212.80,11,189,178,209,576,"3,768",209.33,13,186,206,227,619,"4,387",208.90,14,223,203,237,663
15,S,1193,斉藤 琢哉,48,左,伊勢原ﾎﾞｳﾘﾝｸﾞｾﾝﾀｰ,"5,048",210.33,"2,446",203.83,26,"1,096",40,"1,350",13,"2,602",216.83,9,"1,213",202.16,23,"1,389",231.50,8,181,181,233,595,"3,041",202.73,29,193,222,203,618,"3,659",203.27,24,214,226,240,680,"4,339",206.61,18,236,247,226,709
16,S,1443,藤永 北斗,61,左,"N&KCo.,Ltd./STEEL SPORTS","5,046",210.25,"2,424",202.00,30,"1,129",32,"1,295",27,"2,622",218.50,7,"1,124",187.33,43,"1,498",249.66,1,200,190,202,592,"3,016",201.06,30,176,180,176,532,"3,548",197.11,37,276,245,201,722,"4,270",203.33,28,268,234,274,776
17,S,1425,伊吹 太陽,59,右,ラピュタボウル/ABS,"5,009",208.70,"2,437",203.08,27,"1,175",21,"1,262",35,"2,572",214.33,12,"1,268",211.33,10,"1,304",217.33,21,225,258,198,681,"3,118",207.86,18,173,189,225,587,"3,705",205.83,21,235,246,173,654,"4,359",207.57,17,211,234,205,650
18,,1370,新城 一也,55,右両手,STEEL SPORTS,"5,005",208.54,"2,602",216.83,7,"1,216",12,"1,386",10,"2,403",200.25,39,"1,265",210.83,11,"1,138",189.66,53,233,214,256,703,"3,305",220.33,4,192,183,187,562,"3,867",214.83,6,137,179,215,531,"4,398",209.42,13,194,241,172,607
19,,1214,福丸 哲平,48,右,(株)グランドボウル,"4,990",207.91,"2,567",213.91,10,"1,172",22,"1,395",7,"2,423",201.91,36,"1,183",197.16,32,"1,240",206.66,35,205,233,190,628,"3,195",213.00,10,183,144,228,555,"3,750",208.33,15,215,185,222,622,"4,372",208.19,16,226,223,169,618
20,永 ,288,酒井 武雄,9,右,ドリームスタジアム太田,"4,963",206.79,"2,446",203.83,25,"1,229",8,"1,217",43,"2,517",209.75,19,"1,208",201.33,25,"1,309",218.16,20,197,212,186,595,"3,041",202.73,28,191,181,241,613,"3,654",203.00,25,227,224,188,639,"4,293",204.42,25,268,244,158,670
21,S,1233,斉藤 祐哉,49,左,桜ヶ丘ﾎﾞｳﾘﾝｸﾞｾﾝﾀｰ,"4,942",205.91,"2,471",205.91,22,"1,184",19,"1,287",30,"2,471",205.91,25,"1,249",208.16,14,"1,222",203.66,40,230,173,220,623,"3,094",206.26,21,198,248,180,626,"3,720",206.66,17,213,168,170,551,"4,271",203.38,27,176,247,248,671
22,S ,761,小原 照之,32,左,スターレーン,"4,942",205.91,"2,403",200.25,32,"1,168",23,"1,235",42,"2,539",211.58,15,"1,222",203.66,22,"1,317",219.50,16,231,200,258,689,"3,092",206.13,22,146,220,167,533,"3,625",201.38,29,268,227,197,692,"4,317",205.57,22,214,188,223,625
23,,1392,松浦 和彦,56,右,フリー,"4,941",205.87,"2,368",197.33,38,"1,062",45,"1,306",23,"2,573",214.41,11,"1,306",217.66,3,"1,267",211.16,31,214,184,229,627,"2,995",199.66,33,159,245,275,679,"3,674",204.11,23,202,202,221,625,"4,299",204.71,24,193,258,191,642
24,S,1289,谷合 貴志,52,右,(株)日本ｹｱｸｵﾘﾃｨ/(有)ﾕｳｷｼｽﾃﾑｻｰﾋﾞｽ,"4,930",205.41,"2,483",206.91,20,"1,187",18,"1,296",26,"2,447",203.91,32,"1,227",204.50,20,"1,220",203.33,41,256,173,177,606,"3,089",205.93,23,196,236,189,621,"3,710",206.11,19,207,204,196,607,"4,317",205.57,21,228,190,195,613
25,S,1400,江川 司,57,左,(株)GENDA GiGO Entertainment,"4,929",205.37,"2,418",201.50,31,"1,226",9,"1,192",49,"2,511",209.25,21,"1,042",173.66,56,"1,469",244.83,2,184,187,169,540,"2,958",197.20,36,191,151,160,502,"3,460",192.22,44,215,258,289,762,"4,222",201.04,34,257,212,238,707
26,,1220,渡邉 航明,49,右,新小岩ｻﾆｰﾎﾞｳﾙ/ﾊｲ･ｽﾎﾟｰﾂ社/さくら,"4,927",205.29,"2,508",209.00,18,"1,178",20,"1,330",18,"2,419",201.58,38,"1,233",205.50,16,"1,186",197.66,47,191,254,174,619,"3,127",208.46,16,206,165,243,614,"3,741",207.83,16,195,197,188,580,"4,321",205.76,20,182,201,223,606
27,,1467,菊田 樹,62,右両手,東名ボール,"4,909",204.54,"2,459",204.91,23,"1,188",17,"1,271",34,"2,450",204.16,31,"1,175",195.83,33,"1,275",212.50,30,183,150,190,523,"2,982",198.80,34,153,257,242,652,"3,634",201.88,28,213,219,238,670,"4,304",204.95,23,225,196,184,605
28,S,1345,甘糟 翔太,54,右,江の島ﾎﾞｳﾘﾝｸﾞｾﾝﾀｰ,"4,889",203.70,"2,436",203.00,28,"1,043",51,"1,393",9,"2,453",204.41,30,"1,189",198.16,30,"1,264",210.66,32,184,255,172,611,"3,047",203.13,26,180,216,182,578,"3,625",201.38,30,211,175,254,640,"4,265",203.09,30,176,213,235,624
29,,1481,福原 尊,63,右両手,フリー,"4,880",203.33,"2,457",204.75,24,"1,064",44,"1,393",8,"2,423",201.91,37,"1,124",187.33,42,"1,299",216.50,22,204,171,178,553,"3,010",200.66,31,257,157,157,571,"3,581",198.94,34,217,240,192,649,"4,230",201.42,33,193,254,203,650
30,,1441,金子 猛,60,右,ジョイタウン新発田,"4,871",202.95,"2,395",199.58,34,"1,105",36,"1,290",29,"2,476",206.33,23,"1,293",215.50,5,"1,183",197.16,50,233,230,188,651,"3,046",203.06,27,168,265,209,642,"3,688",204.88,22,200,223,227,650,"4,338",206.57,19,185,171,177,533
31,,1190,和田 秀和,48,右,ボウルアロー八尾/ABS,"4,859",202.45,"2,387",198.91,35,"1,145",28,"1,242",39,"2,472",206.00,24,"1,230",205.00,18,"1,242",207.00,34,185,199,170,554,"2,941",196.06,37,237,243,196,676,"3,617",200.94,31,182,225,230,637,"4,254",202.57,31,180,210,215,605
32,,1431,木村 晃,60,右,(株)ボウルスター,"4,849",202.04,"2,382",198.50,36,"1,085",41,"1,297",25,"2,467",205.58,27,"1,264",210.66,12,"1,203",200.50,45,215,182,222,619,"3,001",200.06,32,184,204,257,645,"3,646",202.55,27,257,182,196,635,"4,281",203.85,26,231,169,168,568
33,,1433,井口 遼太,60,右,MOTIV Bowling Products,"4,844",201.83,"2,330",194.16,41,"1,040",53,"1,290",28,"2,514",209.50,20,"1,202",200.33,26,"1,312",218.66,19,193,214,203,610,"2,940",196.00,38,197,183,212,592,"3,532",196.22,38,259,182,216,657,"4,189",199.47,35,247,227,181,655
34,,1350,山中 悟,54,右,江の島ﾎﾞｳﾘﾝｸﾞｾﾝﾀｰ,"4,843",201.79,"2,473",206.08,21,"1,163",25,"1,310",22,"2,370",197.50,41,"1,236",206.00,15,"1,134",189.00,56,190,276,176,642,"3,115",207.66,19,165,258,171,594,"3,709",206.05,20,163,152,222,537,"4,246",202.19,32,221,196,180,597
35,,949,砂子 明廣,38,右,Pro shop ZIP/(株)AREA-Do/ｻﾝﾌﾞﾘｯｼﾞ,"4,830",201.25,"2,535",211.25,14,"1,102",37,"1,433",3,"2,295",191.25,52,"1,115",185.83,45,"1,180",196.66,51,171,206,160,537,"3,072",204.80,24,182,185,211,578,"3,650",202.77,26,198,189,230,617,"4,267",203.19,29,185,186,192,563
36,,1473,米澤 佑哉,62,右,フリー,"4,805",200.20,"2,203",183.58,56,"1,053",49,"1,150",52,"2,602",216.83,8,"1,286",214.33,6,"1,316",219.33,17,225,224,175,624,"2,827",188.46,48,199,246,217,662,"3,489",193.83,41,248,242,188,678,"4,167",198.42,36,256,168,214,638
37,S,1361,堀ノ内智大,54,左,(株)StarLike/ｱｲﾋﾞｰﾎﾞｳﾙ越谷,"4,794",199.75,"2,331",194.25,40,"1,077",43,"1,254",38,"2,463",205.25,28,"1,172",195.33,34,"1,291",215.16,26,198,182,179,559,"2,890",192.66,41,199,214,200,613,"3,503",194.61,39,205,233,182,620,"4,123",196.33,41,246,218,207,671
38,,1229,上田 晋也,49,右,フリー,"4,790",199.58,"2,334",194.50,39,"1,138",31,"1,196",48,"2,456",204.66,29,"1,114",185.66,46,"1,342",223.66,14,194,192,212,598,"2,932",195.46,39,202,163,151,516,"3,448",191.55,45,202,163,258,623,"4,071",193.85,45,237,224,258,719
39,,1424,坂本 就馬,59,右,永山コパボウル,"4,784",199.33,"2,521",210.08,17,"1,238",7,"1,283",31,"2,263",188.58,57,"1,086",181.00,52,"1,177",196.16,52,173,216,201,590,"3,111",207.40,20,185,165,146,496,"3,607",200.38,32,178,179,181,538,"4,145",197.38,38,224,202,213,639
40,,1461,鶴見 亮剛,62,左,フリー,"4,775",198.95,"2,238",186.50,51,"1,110",34,"1,128",55,"2,537",211.41,16,"1,190",198.33,29,"1,347",224.50,11,170,181,217,568,"2,806",187.06,51,218,158,246,622,"3,428",190.44,46,201,235,220,656,"4,084",194.47,43,174,279,238,691
41,,1292,三浦 啓寛,52,右,新東京ﾀﾞｲﾔﾓﾝﾄﾞﾎﾞｳﾙ,"4,752",198.00,"2,312",192.66,44,"1,057",47,"1,255",37,"2,440",203.33,33,"1,256",209.33,13,"1,184",197.33,49,180,212,217,609,"2,921",194.73,40,215,216,216,647,"3,568",198.22,36,206,193,193,592,"4,160",198.09,37,175,225,192,592
42,S,1394,藤村 隆史,57,右,(株)コロナワールド,"4,708",196.16,"2,430",202.50,29,"1,153",26,"1,277",32,"2,278",189.83,54,"1,163",193.83,37,"1,115",185.83,58,194,248,183,625,"3,055",203.66,25,200,214,124,538,"3,593",199.61,33,192,168,178,538,"4,131",196.71,40,224,157,196,577
43,PM,1477,西山 翔悟,63,右,ITカンファー/ﾊｲ･ｽﾎﾟｰﾂ社,"4,705",196.04,"2,402",200.16,33,"1,098",38,"1,304",24,"2,303",191.91,50,"1,169",194.83,35,"1,134",189.00,54,164,189,213,566,"2,968",197.86,35,216,187,200,603,"3,571",198.38,35,204,178,189,571,"4,142",197.23,39,192,195,176,563
44,S,1432,羽ヶ﨑匠海,60,右,クァトロブーム/(株)ボウルスター,"4,699",195.79,"2,200",183.33,57,"1,018",59,"1,182",50,"2,499",208.25,22,"1,202",200.33,27,"1,297",216.16,24,190,207,234,631,"2,831",188.73,47,172,187,212,571,"3,402",189.00,48,198,226,258,682,"4,084",194.47,44,187,223,205,615
45,S,1267,森本 健太,51,左,蒲田イモンボウル/ﾊｲ･ｽﾎﾟｰﾂ社,"4,694",195.58,"2,254",187.83,49,"1,048",50,"1,206",47,"2,440",203.33,34,"1,095",182.50,51,"1,345",224.16,13,188,170,191,549,"2,803",186.86,52,192,178,176,546,"3,349",186.05,52,233,213,220,666,"4,015",191.19,48,248,173,258,679
46,,1384,水野 耕佑,56,右,岩屋キャノンボウル,"4,689",195.37,"2,372",197.66,37,"1,033",55,"1,339",16,"2,317",193.08,48,"1,107",184.50,48,"1,210",201.66,44,199,149,149,497,"2,869",191.26,45,184,202,224,610,"3,479",193.27,43,172,211,158,541,"4,020",191.42,47,205,247,217,669
47,,1125,相澤 英昭,46,右,ハマボール,"4,645",193.54,"2,267",188.91,47,"1,027",56,"1,240",40,"2,378",198.16,40,"1,079",179.83,55,"1,299",216.50,23,182,169,196,547,"2,814",187.60,50,186,164,182,532,"3,346",185.88,53,216,182,218,616,"3,962",188.66,51,224,257,202,683
48,,1428,鮫島 蓮,59,右,フリー,"4,642",193.41,"2,321",193.41,42,"1,110",33,"1,211",44,"2,321",193.41,46,"1,038",173.00,57,"1,283",213.83,27,210,172,183,565,"2,886",192.40,42,158,167,148,473,"3,359",186.61,50,179,224,191,594,"3,953",188.23,52,233,246,210,689
49,S,1444,内藤慎之介,61,左,アルプラザボウル亀岡,"4,633",193.04,"2,306",192.16,45,"1,165",24,"1,141",54,"2,327",193.91,45,"1,193",198.83,28,"1,134",189.00,55,208,160,196,564,"2,870",191.33,44,274,187,168,629,"3,499",194.38,40,190,209,155,554,"4,053",193.00,46,214,170,196,580
50,,1464,島田 卓也,62,右両手,フリー,"4,629",192.87,"2,318",193.16,43,"1,083",42,"1,235",41,"2,311",192.58,49,"1,108",184.66,47,"1,203",200.50,46,186,199,159,544,"2,862",190.80,46,190,177,197,564,"3,426",190.33,47,189,173,195,557,"3,983",189.66,50,257,192,197,646
51,S,1180,斉藤 征哉,47,左,江の島ボウリングセンター,"4,620",192.50,"2,265",188.75,48,"1,059",46,"1,206",46,"2,355",196.25,42,"1,131",188.50,41,"1,224",204.00,39,204,177,178,559,"2,824",188.26,49,224,184,164,572,"3,396",188.66,49,204,206,185,595,"3,991",190.04,49,160,217,252,629
52,,1099,津島 健次,45,右,フタバボウル/ﾊｲ･ｽﾎﾟｰﾂ社,"4,605",191.87,"2,276",189.66,46,"1,020",58,"1,256",36,"2,329",194.08,44,"1,209",201.50,24,"1,120",186.66,57,202,199,208,609,"2,885",192.33,43,163,227,210,600,"3,485",193.61,42,267,193,172,632,"4,117",196.04,42,142,172,174,488
53,,1448,木村 謙太,61,右,"N&KCo.,Ltd./狐ヶ崎ﾔﾝｸﾞﾗﾝﾄﾞﾎﾞｳﾙ/ﾊｲ･ｽﾎﾟｰﾂ社","4,554",189.75,"2,251",187.58,50,"1,042",52,"1,209",45,"2,303",191.91,51,"1,085",180.83,54,"1,218",203.00,42,154,192,187,533,"2,784",185.60,53,183,179,190,552,"3,336",185.33,54,200,137,213,550,"3,886",185.04,55,244,217,207,668
54,,1486,春木 悠里,63,右,フリー,"4,502",187.58,"2,217",184.75,55,"1,053",48,"1,164",51,"2,285",190.41,53,"1,100",183.33,49,"1,185",197.50,48,148,189,177,514,"2,731",182.06,57,256,149,181,586,"3,317",184.27,55,212,209,168,589,"3,906",186.00,54,167,233,196,596
55,,1092,正田 晃也,44,右両手,(株)コロナワールド･近亀時計店･さくら,"4,500",187.50,"2,231",185.91,52,"1,149",27,"1,082",60,"2,269",189.08,55,"1,031",171.83,58,"1,238",206.33,36,184,132,192,508,"2,739",182.60,56,169,146,208,523,"3,262",181.22,56,198,208,189,595,"3,857",183.66,57,181,196,266,643
56,,1066,加藤 祐哉,43,右,株式会社スポルト,"4,486",186.91,"2,168",180.66,58,"1,020",57,"1,148",53,"2,318",193.16,47,"1,085",180.83,53,"1,233",205.50,38,162,190,192,544,"2,712",180.80,58,188,173,180,541,"3,253",180.72,57,210,183,175,568,"3,821",181.95,58,258,182,225,665
57,,843,辻 賢司,35,右,ﾌﾟﾛｼｮｯﾌﾟM/ABS,"4,483",186.79,"2,220",185.00,54,"1,098",39,"1,122",58,"2,263",188.58,56,"1,030",171.66,59,"1,233",205.50,37,182,188,170,540,"2,760",184.00,55,166,164,160,490,"3,250",180.55,58,248,189,192,629,"3,879",184.71,56,187,216,201,604
58,,1437,鈴木 一彌,60,左,ゴールドレーン,"4,416",184.00,"2,231",185.91,53,"1,108",35,"1,123",57,"2,185",182.08,59,"1,120",186.66,44,"1,065",177.50,60,184,181,168,533,"2,764",184.26,54,166,211,210,587,"3,351",186.16,51,190,204,184,578,"3,929",187.09,53,181,139,167,487
59,,1296,荒井慎太朗,52,右,(株)コロナワールド,"4,394",183.08,"2,161",180.08,59,"1,037",54,"1,124",56,"2,233",186.08,58,988,164.66,60,"1,245",207.50,33,183,141,141,465,"2,626",175.06,60,172,174,177,523,"3,149",174.94,60,193,158,198,549,"3,698",176.09,60,266,213,217,696
60,準 ,379,斉藤 正典,12,右,江の島ボウル/ﾚｼﾞｪﾝﾄﾞｽﾀｰ,"4,274",178.08,"2,108",175.66,60,"1,015",60,"1,093",59,"2,166",180.50,60,"1,098",183.00,50,"1,068",178.00,59,185,171,209,565,"2,673",178.20,59,203,168,162,533,"3,206",178.11,59,177,148,171,496,"3,702",176.28,59,236,157,179,572
