rank,rank_Ashift,rank_Bshift,rank_Amature,license_type,license_no,name,term,dominant_hand,sponsor,score_1,score_2,score_3,score_4,score_5,score_6,score_7,score_8,half1_score,half1_avg,half2_score,half2_avg,totalscore,avg_total
1,,1,1,☆アマ,,網代 羅夢,選手,右,(桜ヶ丘ボウリングセンター),206,232,255,259,199,201,225,278,952,238.00,903,225.75,"1,855",231.87
2,1,,,S,599,石田 万音,55,右,アルゴセブン/ ﾊｲ･ｽﾎﾟｰﾂ社,237,211,259,213,258,211,207,239,920,230.00,915,228.75,"1,835",229.37
3,2,,,S,598,近藤 菜帆,55,右,ALSOK愛知株式会社,212,238,255,203,183,193,194,267,908,227.00,837,209.25,"1,745",218.12
4,,2,,S,582,中島 瑞葵,53,右,フリー/ABS,237,223,236,253,227,175,235,141,949,237.25,778,194.50,"1,727",215.87
5,3,,,,545,大嶋 有香,49,左,フリー,200,225,192,276,243,192,167,225,893,223.25,827,206.75,"1,720",215.00
6,4,,,S,364,丹羽由香梨,35,右,カニエJAPAN・ｱｿﾋﾞｯｸｽ,203,189,199,236,211,210,238,233,827,206.75,892,223.00,"1,719",214.87
7,5,,,,594,三上 彩奈,54,右,(株)Star Like/STAR LIKE BOWL,258,197,221,203,233,199,196,210,879,219.75,838,209.50,"1,717",214.62
8,6,,,CS,586,幸木百合菜,53,左,相模原パークレーンズ,228,226,207,221,278,202,180,175,882,220.50,835,208.75,"1,717",214.62
9,7,,,S,600,金子 萌夏,55,右,相模原パークレーンズ,199,213,189,171,248,248,220,225,772,193.00,941,235.25,"1,713",214.12
10,,3,,,618,崎山 穂花,56,右,タチバナボウル,148,218,217,215,220,266,210,213,798,199.50,909,227.25,"1,707",213.37
11,8,,,,494,桑藤 美樹,45,左,(株)スポルト/ABS,215,182,226,204,226,221,225,203,827,206.75,875,218.75,"1,702",212.75
12,9,,,,622,渡辺 莉央,56,右,ＩＴカンファー(株),228,170,192,236,210,192,257,214,826,206.50,873,218.25,"1,699",212.37
13,,4,,S,544,坂本 かや,49,右,永山コパボウル,181,177,212,242,200,247,198,236,812,203.00,881,220.25,"1,693",211.62
14,,5,,,463,岸田 有加,43,右,ＡＣＴエースレーン/STEEL SPORTS,233,214,212,193,193,192,244,203,852,213.00,832,208.00,"1,684",210.50
15,,6,,S,533,川﨑 由意,48,右,アイキョーボウル/ｻﾝﾌﾞﾘｯｼﾞ,192,200,236,193,244,213,207,194,821,205.25,858,214.50,"1,679",209.87
16,,7,,S,583,堀井 春花,53,左,Ｊ－Ｂｏｗｌ御坊,277,217,166,192,222,193,183,227,852,213.00,825,206.25,"1,677",209.62
17,,8,,,578,キム･ソヒョン,52,右,フジ取手ボウル,218,234,209,179,211,189,189,246,840,210.00,835,208.75,"1,675",209.37
18,10,,,S,352,姫路 麗,33,右,フリー,205,239,162,248,225,192,179,223,854,213.50,819,204.75,"1,673",209.12
19,,9,,,623,井﨑 寛菜,56,右,勝田パークボウル,226,232,190,157,203,226,225,213,805,201.25,867,216.75,"1,672",209.00
20,11,,,,297,座間 美子,28,右,Zohy、(株)コロナワールド,162,224,227,214,221,202,193,221,827,206.75,837,209.25,"1,664",208.00
21,12,,,,615,野仲 美咲,56,右,ココレーン,269,202,181,227,196,178,210,198,879,219.75,782,195.50,"1,661",207.62
22,13,,,,537,岩見 彩乃,48,右,アイキョーボウル/ｻﾝﾌﾞﾘｯｼﾞ,249,193,196,206,178,194,211,222,844,211.00,805,201.25,"1,649",206.12
23,,10,,,451,望月 理江,42,右,ラウンドワンジャパン/ﾊｲ･ｽﾎﾟｰﾂ社,171,249,228,204,184,223,224,163,852,213.00,794,198.50,"1,646",205.75
24,,11,,,612,徳田 有紀,55,右,フリー,205,195,200,200,211,212,224,193,800,200.00,840,210.00,"1,640",205.00
25,14,,,S,559,霜出 佳奈,50,右,サンスクエアボウル/ﾊｲ･ｽﾎﾟｰﾂ社,234,216,173,236,162,227,191,198,859,214.75,778,194.50,"1,637",204.62
26,,12,,,525,宇山 侑花,48,右,小嶺シティボウル/ABS,218,235,197,213,184,176,188,224,863,215.75,772,193.00,"1,635",204.37
27,15,,,CS,223,長縄多禧子,21,右,スターレーン/ｻﾝﾌﾞﾘｯｼﾞ,213,177,203,196,212,190,209,232,789,197.25,843,210.75,"1,632",204.00
28,16,,,S,526,久保田彩花,48,右,相模原パークレーンズ,175,209,247,208,187,171,229,203,839,209.75,790,197.50,"1,629",203.62
29,,13,,,603,緒方 彩音,55,右,(株)ｺﾛﾅﾜｰﾙﾄﾞ / (株)ﾎﾞｳﾙｽﾀｰ,175,156,184,247,212,268,161,225,762,190.50,866,216.50,"1,628",203.50
30,17,,,,617,安田明香里,56,右,東興鉛鉄工業(株),195,197,158,193,223,170,228,259,743,185.75,880,220.00,"1,623",202.87
31,18,,,,570,本橋 優美,51,右,スターレーン,244,188,169,235,171,203,226,184,836,209.00,784,196.00,"1,620",202.50
32,,14,,,514,小久保実希,47,右,ジョイナスボウル/(株)ﾊｲ･ｽﾎﾟｰﾂ社,231,187,217,168,225,208,203,180,803,200.75,816,204.00,"1,619",202.37
33,,15,,CS,507,寺下 智香,47,右,神戸六甲ボウル/ｻﾝﾌﾞﾘｯｼﾞ,226,175,189,180,204,203,218,201,770,192.50,826,206.50,"1,596",199.50
34,,16,,,634,根本 遥,57,左,(株)タイトー,224,194,169,225,193,213,177,200,812,203.00,783,195.75,"1,595",199.37
35,,17,,CS,587,今井 双葉,54,右,ＩＴカンファー(株)/ﾊｲ･ｽﾎﾟｰﾂ社,169,249,181,201,194,198,208,194,800,200.00,794,198.50,"1,594",199.25
36,,18,,,330,川口富美恵,32,右,パピオボウル,183,233,193,205,170,213,172,225,814,203.50,780,195.00,"1,594",199.25
37,19,,,,469,安藤 瞳,43,右,東名ボール,248,188,216,204,200,177,215,169,856,214.00,761,190.25,"1,617",202.12
38,20,,,,595,内田 雪月,54,左,フリー,211,237,196,188,195,224,175,182,832,208.00,776,194.00,"1,608",201.00
39,21,,,JS,588,土屋 佑佳,54,右,相模ファーストレーン,188,181,163,195,223,224,202,227,727,181.75,876,219.00,"1,603",200.37
40,22,,,,557,水谷 若菜,50,右,フリー/フタバオンラインショップ,210,166,177,200,167,247,227,201,753,188.25,842,210.50,"1,595",199.37
41,23,,,,515,坂倉にいな,47,右,カニエJAPAN・ｱｿﾋﾞｯｸｽ,200,233,190,194,180,171,246,180,817,204.25,777,194.25,"1,594",199.25
42,,19,,S,568,越智 真南,51,右,平和島スターボウル/ABS,222,182,169,201,205,206,194,214,774,193.50,819,204.75,"1,593",199.12
43,,20,,,520,三浦 美里,47,右,ラウンドワンジャパン,137,211,245,223,215,194,176,187,816,204.00,772,193.00,"1,588",198.50
44,24,,2,☆アマ,,須藤 真海,選手,右,(アサヒボウリングセンター),202,247,186,196,225,189,184,159,831,207.75,757,189.25,"1,588",198.50
45,,21,,,616,太 琳華,56,右,フリー,163,174,222,209,232,187,195,205,768,192.00,819,204.75,"1,587",198.37
46,,22,,,629,石井 萌佳,57,左,フリー/ABS,210,202,191,182,190,214,213,182,785,196.25,799,199.75,"1,584",198.00
47,25,,,,521,秋光 楓,47,右,(株)StarLike/ｱｲﾋﾞｰﾎﾞｳﾙ越谷,181,179,179,254,158,223,208,199,793,198.25,788,197.00,"1,581",197.62
48,26,,3,☆アマ,,岩村 智恵,選手,右,(富津スターレーン),196,177,193,203,177,241,189,205,769,192.25,812,203.00,"1,581",197.62
49,,23,,,553,廣澤 一美,49,右,(株)ＬＴＢ/ﾄﾐｺｼ高島平ﾎﾞｳﾙ,186,223,173,202,201,187,210,197,784,196.00,795,198.75,"1,579",197.37
50,,24,,S,613,秋吉 夕紀,56,右,スターレーン,201,204,215,200,191,184,200,179,820,205.00,754,188.50,"1,574",196.75
51,27,,,,523,内藤真裕実,48,右,フリー/ｻﾝﾌﾞﾘｯｼﾞ,193,195,214,183,168,202,232,183,785,196.25,785,196.25,"1,570",196.25
52,28,,,永,64,斉藤志乃ぶ,3,右,ＡＢＳ,195,210,191,203,235,161,169,206,799,199.75,771,192.75,"1,570",196.25
53,29,,,,445,鈴木 亜季,41,右,(株)岩田工業,232,174,155,176,214,220,209,171,737,184.25,814,203.50,"1,551",193.87
54,,25,,S,384,松永 裕美,37,右,ＡＢＳ,165,168,175,209,233,190,196,213,717,179.25,832,208.00,"1,549",193.62
55,30,,,S,450,佐藤まさみ,42,右,ダイトースターレーン/ABS,178,191,195,170,200,211,172,225,734,183.50,808,202.00,"1,542",192.75
56,31,,,,528,浅田 梨奈,48,右,スターレーン,223,180,223,183,156,171,169,233,809,202.25,729,182.25,"1,538",192.25
57,32,,,,601,河村 怜奈,55,右,フリー,203,194,170,204,210,150,173,232,771,192.75,765,191.25,"1,536",192.00
58,,26,,,540,倉田 萌,48,右,サッポロオリンピアボウル,207,214,231,174,156,197,176,181,826,206.50,710,177.50,"1,536",192.00
59,,27,,,530,飯田 菜々,48,左,サンスクエアボウル,153,188,185,226,179,205,165,227,752,188.00,776,194.00,"1,528",191.00
60,,28,,S,558,坂倉 凜,50,右,カニエJAPAN・ｱｿﾋﾞｯｸｽ,200,241,171,178,188,186,171,193,790,197.50,738,184.50,"1,528",191.00
61,,29,,,478,小林あゆみ,44,左,eスポフィールド･ﾄﾐｺｼ高島平ﾎﾞｳﾙ,202,200,162,216,227,184,178,153,780,195.00,742,185.50,"1,522",190.25
62,,30,,,513,鶴井 亜南,47,左,"N&KCo.,Ltd./ABS",181,196,204,179,171,173,204,213,760,190.00,761,190.25,"1,521",190.12
63,33,,,,593,倉田 結,54,右,フリー,192,225,200,184,172,165,171,207,801,200.25,715,178.75,"1,516",189.50
64,,31,4,☆アマ,,藤田 妃夏,選手,右,(東京ポートボウル),194,204,179,200,209,160,181,185,777,194.25,735,183.75,"1,512",189.00
65,,32,,,486,田中 亜実,44,右,フリー,207,170,212,167,158,190,204,201,756,189.00,753,188.25,"1,509",188.62
66,34,,,,488,渡辺けあき,45,右,81produce/ABS,196,201,174,253,203,167,164,148,824,206.00,682,170.50,"1,506",188.25
67,,33,,,385,大月 由香,37,右,(株)StarLike、ｱｲﾋﾞｰﾎﾞｳﾙ越谷,191,223,148,212,162,194,190,184,774,193.50,730,182.50,"1,504",188.00
68,,34,5,☆アマ,,滝澤 規子,選手,右,(アイキョーボウル),203,144,191,226,168,176,227,162,764,191.00,733,183.25,"1,497",187.12
69,,35,,S,365,名和 秋,35,右,(株)コロナワールド,206,184,188,161,206,193,200,158,739,184.75,757,189.25,"1,496",187.00
70,35,,,,484,松下 聖子,44,右,西尾スターボウル,211,211,195,186,202,159,185,146,803,200.75,692,173.00,"1,495",186.87
71,,36,6,☆アマ,,松丸 瑞穂,選手,右,(アイキョーボウル),177,198,174,176,177,179,201,212,725,181.25,769,192.25,"1,494",186.75
72,,37,,,467,白石 順子,43,右,(株)サウンド･ストーリー,211,185,189,210,145,145,207,202,795,198.75,699,174.75,"1,494",186.75
73,,38,,,630,野村 美羽,57,右,クァトロブーム,183,196,203,157,217,170,198,169,739,184.75,754,188.50,"1,493",186.62
74,,39,,,628,黒瀬 莉乃,57,右,飯塚第一ボウル,176,134,172,188,191,237,191,201,670,167.50,820,205.00,"1,490",186.25
75,36,,7,☆アマ,,堀川 雪乃,選手,右,(笹塚ボウル),215,181,191,167,171,201,179,184,754,188.50,735,183.75,"1,489",186.12
76,37,,,,606,田中 美佳,55,右,北小金ボウル,168,204,189,160,197,198,170,189,721,180.25,754,188.50,"1,475",184.37
77,,40,,,440,仲谷 和世,40,左,(株)コロナワールド,169,197,183,175,190,199,157,197,724,181.00,743,185.75,"1,467",183.37
78,38,,,,499,本間由佳梨,46,右,フリー,193,211,191,183,170,159,203,156,778,194.50,688,172.00,"1,466",183.25
79,39,,8,☆アマ,,高根 愛海,選手,左,(東京ドームボウリングセンター),163,244,187,177,159,211,168,156,771,192.75,694,173.50,"1,465",183.12
80,,41,,,399,村田 和子,37,右,E-BOWLトマト西宮,180,170,154,205,211,161,187,193,709,177.25,752,188.00,"1,461",182.62
81,,42,,永,173,時本美津子,7,右,相模原パークレーンズ,182,167,157,188,224,180,167,196,694,173.50,767,191.75,"1,461",182.62
82,,43,9,☆アマ,,藤田 彩佳,選手,右,(サンプラザボウル栃木),161,158,185,197,198,189,199,170,701,175.25,756,189.00,"1,457",182.12
83,40,,,,589,坂野ニイナ,54,右,ジョイナスボウル,181,190,153,186,194,189,169,190,710,177.50,742,185.50,"1,452",181.50
84,41,,,,609,緒方 美空,55,右,(株)ｺﾛﾅﾜｰﾙﾄﾞ / (株)ﾎﾞｳﾙｽﾀｰ,173,183,185,205,186,165,156,198,746,186.50,705,176.25,"1,451",181.37
85,,44,10,☆アマ,,加藤 里美,選手,右,(サウンドボウル牛久店),188,181,150,200,192,180,177,176,719,179.75,725,181.25,"1,444",180.50
86,,45,11,☆アマ,,坂井千寿佳,選手,右,(ムサシボウル),157,223,176,172,199,203,145,160,728,182.00,707,176.75,"1,435",179.37
87,42,,12,☆アマ,,松丸 澄子,選手,右,(ストライカーズ西船ボウル),185,191,159,211,201,153,173,160,746,186.50,687,171.75,"1,433",179.12
88,43,,,,624,小堀香那子,56,右両手,ラウンドワンジャパン,180,182,209,127,183,163,197,187,698,174.50,730,182.50,"1,428",178.50
89,44,,13,☆アマ,,高橋加代子,選手,右,(桜ヶ丘ボウリングセンター),177,176,195,169,199,201,180,129,717,179.25,709,177.25,"1,426",178.25
90,45,,14,☆アマ,,斉藤 美優,選手,右,(アサヒボウリングセンター),200,171,156,166,176,168,212,174,693,173.25,730,182.50,"1,423",177.87
91,,46,15,☆アマ,,森江 彩羽,選手,右,(笹塚ボウル),129,136,204,164,165,196,205,193,633,158.25,759,189.75,"1,392",174.00
92,46,,16,☆アマ,,太田 千恵,選手,右,(フリー),207,169,167,147,154,180,194,165,690,172.50,693,173.25,"1,383",172.87
93,47,,17,☆アマ,,上野 克枝,選手,右,(富津スターレーン),157,167,193,202,215,143,161,139,719,179.75,658,164.50,"1,377",172.12
94,,47,18,☆アマ,,宮崎 麻衣,選手,右,(本八幡スターレーン),183,166,145,194,185,147,160,188,688,172.00,680,170.00,"1,368",171.00
95,,48,19,☆アマ,,鈴木 サラ,選手,左,(立川スターレーン),165,139,166,171,178,177,164,159,641,160.25,678,169.50,"1,319",164.87
96,48,,20,☆アマ,,黒木 美羽,選手,右,(北小金ボウル),196,178,183,167,151,136,149,150,724,181.00,586,146.50,"1,310",163.75
97,49,,21,☆アマ,,百瀬 玲菜,選手,右,(ＳＡＰ草加ボウル),137,178,128,188,158,132,149,198,631,157.75,637,159.25,"1,268",158.50
98,50,,22,☆アマ,,山口キヨ子,選手,右,(富津スターレーン),158,178,159,132,191,172,118,151,627,156.75,632,158.00,"1,259",157.37
99,,49,23,☆アマ,,山本 真樹,選手,左,(本八幡スターレーン),156,164,146,157,155,147,155,167,623,155.75,624,156.00,"1,247",155.87
100,51,,24,☆アマ,,河崎千鶴子,選手,右,(ときわ平ボウリングセンター),137,151,162,148,153,184,119,177,598,149.50,633,158.25,"1,231",153.87
101,,50,25,☆アマ,,塩澤 則子,選手,右,(サウンドボウル牛久店),125,156,161,133,186,147,162,145,575,143.75,640,160.00,"1,215",151.87
102,,51,26,☆アマ,,長森 侑佳,選手,右,(STAR LIKE BOWL),164,131,136,148,121,134,160,146,579,144.75,561,140.25,"1,140",142.50
103,,52,27,☆アマ,,北山 暢子,選手,右,(新小岩サニーボウル),162,137,144,120,154,168,102,149,563,140.75,573,143.25,"1,136",142.00
104,52,,28,☆アマ,,内野 聖香,選手,右,(平和島スターボウル),117,151,141,130,136,151,165,140,539,134.75,592,148.00,"1,131",141.37
