rank,license_type,license_no,name,term,dominant_hand,sponsor,current_rank,titles,totalscore,avg_total,part1_score,part1_avg,part1_rank,part2_score,part2_avg,part2_rank,half1_rank,part3_score,part3_avg,part3_rank,part4_score,part4_avg,part4_rank,score_13,score_14,score_15,stage5_score,total15_score,total15_rank,score_16,score_17,score_18,stage6_score,total18_score,total18_avg,total18_rank,score_19,score_20,score_21,stage7_score,total21_score,total21_avg,total21_rank,score_22,score_23,score_24,stage8_score
1,,1452,内藤 広人,61,右,岩屋ｷｬﾉﾝﾎﾞｳﾙ･(株)ｿｼｵｼﾞｬﾊﾟﾝ,5位,1(1),"5,662",235.91,"1,352",225.33,5,"1,357",226.16,9,3,"1,529",254.83,1,"1,424",237.33,1,269,278,259,806,"3,515",1,300,180,243,723,"4,238",235.44,1,236,237,259,732,"4,970",236.66,1,225,187,280,692
2,,1479,立花 仁貴,63,右両手,洛陽総合高等学校,25位,0,"5,312",221.33,"1,252",208.66,27,"1,324",220.66,18,18,"1,461",243.50,2,"1,275",212.50,27,267,277,289,833,"3,409",3,243,196,189,628,"4,037",224.27,2,221,234,181,636,"4,673",222.52,2,212,163,264,639
3,,1395,佐藤 貴啓,57,右,ドリームスタジアム太田,29位,0,"5,308",221.16,"1,314",219.00,10,"1,379",229.83,7,4,"1,306",217.66,25,"1,309",218.16,17,235,192,230,657,"3,350",7,185,212,252,649,"3,999",222.16,4,162,192,248,602,"4,601",219.09,4,269,226,212,707
4,,1433,井口 遼太,60,右,MOTIV Bowling Products,23位,1,"5,294",220.58,"1,219",203.16,38,"1,348",224.66,11,19,"1,396",232.66,7,"1,331",221.83,10,257,237,258,752,"3,319",10,214,236,194,644,"3,963",220.16,8,199,203,221,623,"4,586",218.38,7,237,226,245,708
5,TS,1219,川添 奨太,49,右,ハイ･スポーツ社,13位,22,"5,290",220.41,"1,340",223.33,9,"1,318",219.66,22,9,"1,241",206.83,52,"1,391",231.83,5,218,245,221,684,"3,342",8,188,193,176,557,"3,899",216.61,16,244,238,237,719,"4,618",219.90,3,194,237,241,672
6,TS,1423,安里 秀策,59,右,(株)コロナワールド,1位,1,"5,257",219.04,"1,238",206.33,31,"1,450",241.66,1,6,"1,332",222.00,17,"1,237",206.16,43,208,227,232,667,"3,355",6,209,197,259,665,"4,020",223.33,3,204,186,188,578,"4,598",218.95,5,190,225,244,659
7,TS,1289,谷合 貴志,52,右,(株)日本ｹｱｸｵﾘﾃｨ/(有)ﾕｳｷｼｽﾃﾑｻｰﾋﾞｽ,26位,5,"5,250",218.75,"1,187",197.83,50,"1,340",223.33,12,26,"1,391",231.83,8,"1,332",222.00,9,208,205,268,681,"3,208",19,238,236,236,710,"3,918",217.66,12,206,214,241,661,"4,579",218.04,9,205,235,231,671
8,歴,1160,遠藤 誠,47,右,フリー,50位,2,"5,231",217.95,"1,302",217.00,13,"1,241",206.83,49,21,"1,269",211.50,39,"1,419",236.50,3,228,219,207,654,"3,197",23,221,193,201,615,"3,812",211.77,25,240,227,237,704,"4,516",215.04,16,232,235,248,715
9,,1434,原口 優馬,60,右,愛知川ボウル /(株)ﾊｲ･ｽﾎﾟｰﾂ社,22位,1,"5,222",217.58,"1,286",214.33,17,"1,403",233.83,3,5,"1,241",206.83,51,"1,292",215.33,21,204,244,223,671,"3,360",5,215,152,203,570,"3,930",218.33,11,233,202,201,636,"4,566",217.42,10,196,215,245,656
10,TS,1287,藤井 信人,52,右,ＩＴカンファー(株)ﾊｲ･ｽﾎﾟｰﾂ社,9位,11,"5,205",216.87,"1,242",207.00,30,"1,202",200.33,66,41,"1,387",231.16,9,"1,374",229.00,6,229,194,248,671,"3,115",36,244,250,222,716,"3,831",212.83,22,189,236,211,636,"4,467",212.71,22,257,278,203,738
11,TS,1345,甘糟 翔太,54,右,江の島ﾎﾞｳﾘﾝｸﾞｾﾝﾀｰ,4位,0,"5,204",216.83,"1,348",224.66,6,"1,283",213.83,34,10,"1,335",222.50,14,"1,238",206.33,41,209,218,268,695,"3,326",9,221,193,226,640,"3,966",220.33,7,201,220,200,621,"4,587",218.42,6,173,245,199,617
12,TS,1078,山本 勲,44,左,ＡＢＳ,8位,21,"5,204",216.83,"1,263",210.50,25,"1,181",196.83,72,42,"1,436",239.33,3,"1,324",220.66,12,224,268,268,760,"3,204",21,217,191,268,676,"3,880",215.55,19,192,225,192,609,"4,489",213.76,19,232,257,226,715
13,TS,1446,斎藤 祐太,61,右,株式会社ボウルスター,6位,1(1),"5,200",216.66,"1,292",215.33,15,"1,303",217.16,26,14,"1,365",227.50,11,"1,240",206.66,39,228,225,254,707,"3,302",12,215,246,197,658,"3,960",220.00,9,212,195,214,621,"4,581",218.14,8,204,206,209,619
14,,1343,平岡 勇人,53,右,ラウンドワンジャパン/ﾊｲ･ｽﾎﾟｰﾂ社,52位,1,"5,199",216.62,"1,277",212.83,18,"1,439",239.83,2,2,"1,200",200.00,69,"1,283",213.83,23,231,178,190,599,"3,315",11,187,212,202,601,"3,916",217.55,13,172,279,179,630,"4,546",216.47,13,238,226,189,653
15,TS,1429,大久保雄矢,60,左,プロショップ･エム エムボウル,15位,1,"5,177",215.70,"1,382",230.33,2,"1,352",225.33,10,1,"1,178",196.33,79,"1,265",210.83,31,203,231,213,647,"3,381",4,161,198,172,531,"3,912",217.33,15,200,192,202,594,"4,506",214.57,17,227,214,230,671
16,TS,1193,斉藤 琢哉,48,左,伊勢原ﾎﾞｳﾘﾝｸﾞｾﾝﾀｰ,10位,4(1),"5,162",215.08,"1,370",228.33,3,"1,249",208.16,45,11,"1,296",216.00,32,"1,247",207.83,35,216,244,180,640,"3,259",14,232,230,194,656,"3,915",217.50,14,236,180,194,610,"4,525",215.47,15,176,204,257,637
17,,1487,御手洗彰彦,63,右両手,松山中央ボウル,101位,0,"5,151",214.62,"1,299",216.50,14,"1,242",207.00,48,22,"1,426",237.66,5,"1,184",197.33,61,199,277,240,716,"3,257",15,277,205,228,710,"3,967",220.38,6,175,227,196,598,"4,565",217.38,11,210,183,193,586
18,,1214,福丸 哲平,48,右,(株)グランドボウル,32位,1,"5,141",214.20,"1,163",193.83,57,"1,338",223.00,15,32,"1,217",202.83,61,"1,423",237.16,2,279,150,204,633,"3,134",33,210,171,203,584,"3,718",206.55,40,267,213,218,698,"4,416",210.28,28,235,235,255,725
19,,1190,和田 秀和,48,右,ボウルアロー八尾/ABS,7位,2(1),"5,131",213.79,"1,387",231.16,1,"1,287",214.50,32,8,"1,208",201.33,66,"1,249",208.16,34,179,227,166,572,"3,246",16,226,243,167,636,"3,882",215.66,18,207,176,206,589,"4,471",212.90,21,215,213,232,660
20,TS,1432,羽ヶ﨑匠海,60,右,クァトロブーム/(株)ボウルスター,37位,0,"5,110",212.91,"1,237",206.16,32,"1,270",211.66,36,30,"1,342",223.66,13,"1,261",210.16,32,258,234,215,707,"3,214",18,181,225,229,635,"3,849",213.83,20,167,225,245,637,"4,486",213.61,20,198,202,224,624
21,TS,1427,田中 椋也,59,右,クァトロブーム,28位,0,"5,106",212.75,"1,367",227.83,4,"1,318",219.66,21,7,"1,292",215.33,34,"1,129",188.16,79,243,215,278,736,"3,421",2,153,190,213,556,"3,977",220.94,5,191,193,165,549,"4,526",215.52,14,204,182,194,580
22,,1431,木村 晃,60,右,相模原ﾊﾟｰｸﾚｰﾝｽﾞ/(株)ボウルスター,40位,0,"5,102",212.58,"1,119",186.50,75,"1,339",223.16,14,37,"1,356",226.00,12,"1,288",214.66,22,186,265,214,665,"3,123",35,205,249,237,691,"3,814",211.88,24,153,234,204,591,"4,405",209.76,31,213,268,216,697
23,,1478,倉持 悠人,63,右,大学ボウル,14位,1(1),"5,097",212.37,"1,310",218.33,11,"1,251",208.50,43,20,"1,335",222.50,16,"1,201",200.16,56,211,247,259,717,"3,278",13,209,197,212,618,"3,896",216.44,17,222,150,224,596,"4,492",213.90,18,224,196,185,605
24,,1023,岡野 秀幸,42,右,ミスズボウル,90位,2(1),"5,076",211.50,"1,274",212.33,19,"1,318",219.66,23,15,"1,255",209.16,48,"1,229",204.83,48,178,208,183,569,"3,161",28,256,216,214,686,"3,847",213.72,21,187,228,171,586,"4,433",211.09,25,193,203,247,643
25,TS,1267,森本 健太,51,左,蒲田イモンボウル/ﾊｲ･ｽﾎﾟｰﾂ社,30位,4,"5,076",211.50,"1,348",224.66,7,"1,251",208.50,41,13,"1,335",222.50,15,"1,142",190.33,75,204,257,166,627,"3,226",17,247,182,279,708,"3,934",218.55,10,204,223,200,627,"4,561",217.19,12,183,161,171,515
26,,1458,増田 優希,62,右,岩屋キャノンボウル,35位,0,"5,063",210.95,"1,163",193.83,56,"1,224",204.00,56,65,"1,398",233.00,6,"1,278",213.00,25,256,245,225,726,"3,113",37,221,207,244,672,"3,785",210.27,30,193,239,247,679,"4,464",212.57,24,213,193,193,599
27,,1077,堀江 真一,43,右,大学ボウル,31位,0,"5,055",210.62,"1,273",212.16,21,"1,203",200.50,65,34,"1,253",208.83,49,"1,326",221.00,11,248,266,214,728,"3,204",20,155,170,200,525,"3,729",207.16,38,246,193,225,664,"4,393",209.19,33,225,226,211,662
28,,1451,小野 在由,61,右,フリー,65位,0,"5,034",209.75,"1,264",210.66,24,"1,319",219.83,20,16,"1,213",202.16,64,"1,238",206.33,42,180,237,176,593,"3,176",25,183,210,227,620,"3,796",210.88,26,192,214,201,607,"4,403",209.66,32,213,205,213,631
29,TS,974,永野すばる,40,右,相模原ﾊﾟｰｸﾚｰﾝｽﾞ,12位,6,"5,034",209.75,"1,194",199.00,47,"1,214",202.33,58,58,"1,384",230.66,10,"1,242",207.00,38,269,224,245,738,"3,146",30,205,226,215,646,"3,792",210.66,28,201,200,214,615,"4,407",209.85,30,187,237,203,627
30,,1392,松浦 和彦,56,右,フリー,43位,1,"5,023",209.29,"1,256",209.33,26,"1,189",198.16,69,40,"1,321",220.16,18,"1,257",209.50,33,247,189,257,693,"3,138",32,222,193,213,628,"3,766",209.22,32,199,243,258,700,"4,466",212.66,23,198,176,183,557
31,,1384,水野 耕佑,56,右,岩屋キャノンボウル,38位,3,"5,015",208.95,"1,188",198.00,49,"1,284",214.00,33,35,"1,267",211.16,41,"1,276",212.66,26,182,180,212,574,"3,046",50,179,269,245,693,"3,739",207.72,36,212,259,203,674,"4,413",210.14,29,248,195,159,602
32,,1220,渡邉 航明,49,右,新小岩ｻﾆｰﾎﾞｳﾙ/ﾊｲ･ｽﾎﾟｰﾂ社/さくら,16位,1,"5,005",208.54,"1,132",188.66,69,"1,371",228.50,8,31,"1,262",210.33,43,"1,240",206.66,40,174,195,268,637,"3,140",31,195,251,179,625,"3,765",209.16,33,244,223,187,654,"4,419",210.42,27,195,221,170,586
33,,1032,工藤 貴志,42,右,新東京ﾀﾞｲﾔﾓﾝﾄﾞﾎﾞｳﾙ･横田空軍基地ﾄﾓﾀﾞﾁﾚｰﾝｽﾞ/ｻﾝﾌﾞﾘｯｼﾞ,41位,1,"4,988",207.83,"1,104",184.00,80,"1,250",208.33,44,69,"1,300",216.66,30,"1,334",222.33,8,201,226,220,647,"3,001",62,203,236,214,653,"3,654",203.00,55,190,224,236,650,"4,304",204.95,45,204,223,257,684
34,,1430,田中 義一,60,右,(株)広島パークレーン,59位,0,"4,978",207.41,"1,206",201.00,41,"1,308",218.00,24,28,"1,256",209.33,46,"1,208",201.33,53,167,220,211,598,"3,112",38,213,198,247,658,"3,770",209.44,31,225,178,211,614,"4,384",208.76,34,180,186,228,594
35,,1476,山本 晃,62,右両手,伊賀にんにんボウル,86位,0,"4,967",206.95,"1,347",224.50,8,"1,162",193.66,76,29,"1,226",204.33,56,"1,232",205.33,46,165,246,234,645,"3,154",29,166,210,205,581,"3,735",207.50,37,223,227,248,698,"4,433",211.09,26,160,191,183,534
36,,1370,新城 一也,55,右両手,STEEL SPORTS,55位,1,"4,965",206.87,"1,022",170.33,91,"1,208",201.33,62,86,"1,320",220.00,19,"1,415",235.83,4,223,201,244,668,"2,898",77,241,187,224,652,"3,550",197.22,76,194,231,206,631,"4,181",199.09,71,258,288,238,784
37,TS,761,小原 照之,32,左,スターレーン,44位,7,"4,963",206.79,"1,250",208.33,28,"1,331",221.83,16,17,"1,175",195.83,80,"1,207",201.16,54,223,170,224,617,"3,198",22,187,187,184,558,"3,756",208.66,34,147,210,235,592,"4,348",207.04,37,174,239,202,615
38,TS,1443,藤永 北斗,61,左,"N&KCo.,Ltd./STEEL SPORTS",2位,4(2),"4,953",206.37,"1,162",193.66,59,"1,268",211.33,38,46,"1,256",209.33,47,"1,267",211.16,29,168,222,193,583,"3,013",57,225,203,245,673,"3,686",204.77,50,269,187,178,634,"4,320",205.71,41,175,278,180,633
39,,1424,坂本 就馬,59,右,永山コパボウル,11位,3(1),"4,940",205.83,"1,211",201.83,40,"1,183",197.16,71,62,"1,316",219.33,22,"1,230",205.00,47,195,221,178,594,"2,988",65,237,229,256,722,"3,710",206.11,45,151,246,195,592,"4,302",204.85,46,211,169,258,638
40,TS,1445,宮澤 拓哉,61,右,ﾊﾟｰｸﾚｰﾝ高崎･上武大学/ｻﾝﾌﾞﾘｯｼﾞ,3位,3(1),"4,932",205.50,"1,188",198.00,48,"1,297",216.16,29,33,"1,303",217.16,28,"1,144",190.66,74,183,203,224,610,"3,095",41,233,234,226,693,"3,788",210.44,29,206,169,173,548,"4,336",206.47,39,211,214,171,596
41,,1354,竹永 竜星,54,右両手,ラウンドワンジャパン,24位,0,"4,929",205.37,987,164.50,96,"1,401",233.50,4,64,"1,431",238.50,4,"1,110",185.00,84,258,247,275,780,"3,168",27,229,187,235,651,"3,819",212.16,23,200,173,190,563,"4,382",208.66,35,166,154,227,547
42,,1482,井之上准己,63,右両手,菊陽ボウル,104位,0,"4,924",205.16,"1,218",203.00,39,"1,194",199.00,67,56,"1,303",217.16,29,"1,209",201.50,51,209,197,178,584,"2,996",63,231,223,265,719,"3,715",206.38,42,211,165,225,601,"4,316",205.52,42,234,191,183,608
43,,1101,村上 拓也,45,右,ジョイナスボウル坂東,47位,0,"4,921",205.04,"1,230",205.00,34,"1,297",216.16,30,24,"1,266",211.00,42,"1,128",188.00,80,201,205,237,643,"3,170",26,169,226,228,623,"3,793",210.72,27,180,191,208,579,"4,372",208.19,36,193,193,163,549
44,TS,1400,江川 司,57,左,(株)GENDA GiGO Entertainment,19位,1,"4,914",204.75,"1,198",199.66,44,"1,213",202.16,59,57,"1,304",217.33,26,"1,199",199.83,57,203,155,259,617,"3,028",54,225,238,224,687,"3,715",206.38,41,214,200,198,612,"4,327",206.04,40,189,194,204,587
45,TS,1233,斉藤 祐哉,49,左,桜ヶ丘ﾎﾞｳﾘﾝｸﾞｾﾝﾀｰ,17位,2,"4,913",204.70,"1,219",203.16,37,"1,230",205.00,53,39,"1,218",203.00,59,"1,246",207.66,36,205,215,191,611,"3,060",47,211,192,204,607,"3,667",203.72,52,186,194,226,606,"4,273",203.47,48,266,190,184,640
46,TS,1394,藤村 隆史,57,右,(株)コロナワールド,48位,1,"4,904",204.33,"1,102",183.66,81,"1,324",220.66,19,50,"1,235",205.83,55,"1,243",207.16,37,191,217,179,587,"3,013",58,234,207,207,648,"3,661",203.38,53,212,257,211,680,"4,341",206.71,38,199,152,212,563
47,,978,市原 竜太,40,右,平和島スターボウル,81位,2,"4,892",203.83,"1,266",211.00,23,"1,136",189.33,80,60,"1,312",218.66,23,"1,178",196.33,64,236,197,234,667,"3,069",44,213,167,265,645,"3,714",206.33,43,205,184,209,598,"4,312",205.33,44,176,192,212,580
48,,1492,横地 優輝,63,左両手,フリー,88位,0,"4,892",203.83,"1,197",199.50,45,"1,226",204.33,55,51,"1,163",193.83,83,"1,306",217.66,18,187,218,210,615,"3,038",52,210,168,170,548,"3,586",199.22,66,249,244,179,672,"4,258",202.76,51,226,195,213,634
49,,1456,太田 貴久,61,右,J-Bowl御坊,63位,0,"4,888",203.66,"1,309",218.16,12,"1,119",186.50,82,48,"1,182",197.00,75,"1,278",213.00,24,193,186,245,624,"3,052",49,204,191,163,558,"3,610",200.55,63,233,170,248,651,"4,261",202.90,50,227,208,192,627
50,TS,1361,堀ノ内智大,54,左,(株)StarLike/ｱｲﾋﾞｰﾎﾞｳﾙ越谷,60位,0,"4,883",203.45,"1,109",184.83,78,"1,185",197.50,70,76,"1,277",212.83,38,"1,312",218.66,15,159,218,212,589,"2,883",80,225,226,237,688,"3,571",198.38,71,189,204,243,636,"4,207",200.33,65,204,225,247,676
51,,1376,松田 力也,56,右,(株)グランドボウル/ABS,71位,0,"4,880",203.33,"1,274",212.33,20,"1,330",221.66,17,12,"1,091",181.83,95,"1,185",197.50,59,148,201,232,581,"3,185",24,194,163,153,510,"3,695",205.27,48,179,208,232,619,"4,314",205.42,43,176,166,224,566
52,,1338,水本 有希,53,右,ボウルアロー松原店,53位,0,"4,878",203.25,"1,073",178.83,85,"1,251",208.50,42,73,"1,237",206.16,54,"1,317",219.50,14,267,158,225,650,"2,974",68,224,206,157,587,"3,561",197.83,74,170,269,235,674,"4,235",201.66,58,205,237,201,643
53,,1344,竹本 圭実,54,右,賀茂ボール,68位,0,"4,877",203.20,"1,183",197.16,51,"1,178",196.33,73,68,"1,207",201.16,68,"1,309",218.16,16,202,174,210,586,"2,947",72,264,205,152,621,"3,568",198.22,72,217,247,170,634,"4,202",200.09,67,258,169,248,675
54,,1435,徳久 恵大,60,右,メリーランドタケオボウル,74位,0,"4,870",202.91,"1,288",214.66,16,"1,239",206.50,50,25,"1,109",184.83,93,"1,234",205.66,45,176,131,182,489,"3,016",56,244,186,190,620,"3,636",202.00,59,202,212,184,598,"4,234",201.61,59,165,242,229,636
55,,1467,菊田 樹,62,右両手,東名ボール,27位,0,"4,857",202.37,"1,136",189.33,68,"1,379",229.83,6,27,"1,208",201.33,65,"1,134",189.00,76,167,188,226,581,"3,096",40,191,223,213,627,"3,723",206.83,39,150,236,136,522,"4,245",202.14,56,209,180,223,612
56,,1291,渡邊 雄也,52,右,(株)グランドボウル,36位,2,"4,854",202.25,"1,053",175.50,88,"1,210",201.66,61,82,"1,318",219.66,21,"1,273",212.16,28,194,185,231,610,"2,873",82,266,229,213,708,"3,581",198.94,68,222,244,168,634,"4,215",200.71,64,210,258,171,639
57,TS,1180,斉藤 征哉,47,左,江の島ボウリングセンター,39位,1,"4,845",201.87,"1,162",193.66,58,"1,298",216.33,27,36,"1,119",186.50,91,"1,266",211.00,30,211,182,170,563,"3,023",55,164,200,192,556,"3,579",198.83,69,200,217,228,645,"4,224",201.14,62,194,204,223,621
58,,1481,福原 尊,63,右両手,(株)コロナワールド,18位,0,"4,835",201.45,"1,201",200.16,43,"1,242",207.00,47,43,"1,303",217.16,27,"1,089",181.50,92,203,220,208,631,"3,074",43,246,188,238,672,"3,746",208.11,35,199,155,169,523,"4,269",203.28,49,195,180,191,566
59,,885,平山 陽一,36,右,ＭＫボウル上賀茂,87位,2,"4,825",201.04,"1,139",189.83,67,"1,233",205.50,52,67,"1,288",214.66,36,"1,165",194.16,69,213,213,192,618,"2,990",64,242,214,214,670,"3,660",203.33,54,194,194,169,557,"4,217",200.80,63,173,234,201,608
60,,1092,正田 晃也,44,右両手,(株)コロナワールド･近亀時計店･さくら,58位,0,"4,820",200.83,"1,081",180.16,84,"1,298",216.33,28,66,"1,267",211.16,40,"1,174",195.66,65,225,181,203,609,"2,988",66,221,202,235,658,"3,646",202.55,56,189,230,190,609,"4,255",202.61,52,168,192,205,565
61,,1099,津島 健次,45,右,フタバボウル/ﾊｲ･ｽﾎﾟｰﾂ社,56位,0,"4,815",200.62,"1,127",187.83,70,"1,269",211.50,37,61,"1,299",216.50,31,"1,120",186.66,81,201,226,255,682,"3,078",42,162,222,233,617,"3,695",205.27,47,166,189,180,535,"4,230",201.42,61,204,190,191,585
62,,1121,鈴木 勇太,46,右,荻窪ボウル,109位,0,"4,808",200.33,"1,161",193.50,60,"1,255",209.16,40,53,"1,224",204.00,57,"1,168",194.66,68,167,223,231,621,"3,037",53,209,193,201,603,"3,640",202.22,58,196,228,183,607,"4,247",202.23,55,194,180,187,561
63,TS,1198,小林 哲也,48,左,ｲﾘｽﾎﾞｳﾙ･(株)ｺﾛﾅﾜｰﾙﾄﾞ･しんじ湖ﾎﾞｳﾙ,54位,0,"4,807",200.29,"1,147",191.16,64,"1,270",211.66,35,52,"1,294",215.66,33,"1,096",182.66,90,234,217,256,707,"3,124",34,202,196,189,587,"3,711",206.16,44,157,175,190,522,"4,233",201.57,60,192,212,170,574
64,TS,1425,伊吹 太陽,59,右,ラピュタボウル/ABS,61位,0,"4,802",200.08,"1,233",205.50,33,"1,155",192.50,78,63,"1,318",219.66,20,"1,096",182.66,89,300,178,197,675,"3,063",46,210,177,256,643,"3,706",205.88,46,173,181,181,535,"4,241",201.95,57,146,204,211,561
65,TS,1444,内藤慎之介,61,左,アルプラザボウル亀岡,49位,0,"4,801",200.04,"1,117",186.16,76,"1,340",223.33,13,38,"1,120",186.66,90,"1,224",204.00,49,179,179,153,511,"2,968",71,246,212,151,609,"3,577",198.72,70,216,213,191,620,"4,197",199.85,68,210,181,213,604
66,,1448,木村 謙太,61,右,"N&KCo.,Ltd./狐ヶ崎ﾔﾝｸﾞﾗﾝﾄﾞﾎﾞｳﾙ/ﾊｲ･ｽﾎﾟｰﾂ社",67位,0,"4,800",200.00,"1,070",178.33,86,"1,249",208.16,46,74,"1,308",218.00,24,"1,173",195.50,67,248,170,155,573,"2,892",78,246,267,222,735,"3,627",201.50,60,190,150,238,578,"4,205",200.23,66,247,155,193,595
67,,1477,西山 翔悟,63,右,ITカンファー/ﾊｲ･ｽﾎﾟｰﾂ社,20位,0,"4,790",199.58,"1,147",191.16,65,"1,293",215.50,31,44,"1,249",208.16,50,"1,101",183.50,86,235,188,182,605,"3,045",51,265,184,195,644,"3,689",204.94,49,189,196,203,588,"4,277",203.66,47,162,180,171,513
68,,1461,鶴見 亮剛,62,左,フリー,62位,0,"4,785",199.37,"1,223",203.83,35,"1,308",218.00,25,23,"1,109",184.83,92,"1,145",190.83,73,190,186,159,535,"3,066",45,156,225,193,574,"3,640",202.22,57,196,172,183,551,"4,191",199.57,69,206,195,193,594
69,,1350,山中 悟,54,右,江の島ﾎﾞｳﾘﾝｸﾞｾﾝﾀｰ,83位,0,"4,776",199.00,"1,017",169.50,92,"1,398",233.00,5,55,"1,169",194.83,82,"1,192",198.66,58,182,216,192,590,"3,005",60,180,194,205,579,"3,584",199.11,67,233,194,238,665,"4,249",202.33,53,175,177,175,527
70,歴,288,酒井 武雄,9,右,ドリームスタジアム太田,94位,37,"4,765",198.54,"1,086",181.00,83,"1,174",195.66,74,83,"1,146",191.00,86,"1,359",226.50,7,221,180,185,586,"2,846",85,160,223,177,560,"3,406",189.22,86,217,266,217,700,"4,106",195.52,79,228,186,245,659
71,,1349,入口 光司,54,右,ラウンドワンジャパン,21位,0,"4,761",198.37,"1,268",211.33,22,"1,160",193.33,77,47,"1,240",206.66,53,"1,093",182.16,91,216,227,235,678,"3,106",39,180,205,177,562,"3,668",203.77,51,202,178,199,579,"4,247",202.23,54,179,200,135,514
72,歴,344,石原 章夫,11,右,ハイ･スポーツ社,269位,14,"4,744",197.66,"1,108",184.66,79,"1,220",203.33,57,71,"1,286",214.33,37,"1,130",188.33,78,268,195,218,681,"3,009",59,194,210,201,605,"3,614",200.77,62,202,182,190,574,"4,188",199.42,70,123,214,219,556
73,,1229,上田 晋也,49,右,フリー,93位,0,"4,743",197.62,"1,094",182.33,82,"1,205",200.83,63,75,"1,259",209.83,44,"1,185",197.50,60,208,185,217,610,"2,909",73,212,258,179,649,"3,558",197.66,75,234,175,157,566,"4,124",196.38,77,156,256,207,619
74,,1292,三浦 啓寛,52,右,新東京ﾀﾞｲﾔﾓﾝﾄﾞﾎﾞｳﾙ,66位,0,"4,730",197.08,"1,068",178.00,87,"1,259",209.83,39,72,"1,291",215.16,35,"1,112",185.33,83,182,217,246,645,"2,972",70,236,214,196,646,"3,618",201.00,61,152,233,170,555,"4,173",198.71,72,160,194,203,557
75,,979,須田 毅,40,右,ラウンドワンジャパン/ﾊｲ･ｽﾎﾟｰﾂ社,100位,0,"4,711",196.29,"1,223",203.83,36,"1,204",200.66,64,49,"1,139",189.83,87,"1,145",190.83,72,195,176,179,550,"2,977",67,196,234,159,589,"3,566",198.11,73,186,193,181,560,"4,126",196.47,75,182,211,192,585
76,,1130,岩切 稔純,46,右,(株)グランドボウル,80位,0,"4,708",196.16,"1,244",207.33,29,"1,191",198.50,68,45,"1,174",195.66,81,"1,099",183.16,88,204,157,176,537,"2,972",69,207,225,205,637,"3,609",200.50,64,178,173,185,536,"4,145",197.38,73,198,187,178,563
77,,1085,山下 昌吾,44,右,タチバナボウル,46位,0,"4,679",194.95,"1,195",199.16,46,"1,210",201.66,60,59,"1,095",182.50,94,"1,179",196.50,63,161,164,168,493,"2,898",76,182,205,215,602,"3,500",194.44,78,216,186,218,620,"4,120",196.19,78,184,203,172,559
78,,848,吉田 文啓,35,右,カニエJAPAN・ｱｿﾋﾞｯｸｽ/ﾊｲ･ｽﾎﾟｰﾂ社,77位,1,"4,664",194.33,"1,027",171.16,90,"1,120",186.66,81,93,"1,198",199.66,70,"1,319",219.83,13,196,221,162,579,"2,726",92,236,181,202,619,"3,345",185.83,90,190,212,247,649,"3,994",190.19,86,234,209,227,670
79,,1066,加藤 祐哉,43,右,株式会社スポルト,45位,2,"4,657",194.04,"1,125",187.50,71,"1,166",194.33,75,77,"1,192",198.66,71,"1,174",195.66,66,210,227,135,572,"2,863",83,224,229,167,620,"3,483",193.50,80,175,228,153,556,"4,039",192.33,83,199,171,248,618
80,,1390,吉野 浩章,56,右,フリー,34位,0,"4,641",193.37,"1,123",187.16,73,"1,229",204.83,54,70,"1,179",196.50,77,"1,110",185.00,85,223,239,190,652,"3,004",61,171,153,203,527,"3,531",196.16,77,164,177,254,595,"4,126",196.47,76,176,165,174,515
81,,1463,藤 博文,62,右,フリー,70位,0,"4,633",193.04,"1,009",168.16,93,"1,112",185.33,84,94,"1,216",202.66,63,"1,296",216.00,20,167,189,231,587,"2,708",94,213,183,233,629,"3,337",185.38,91,222,215,191,628,"3,965",188.80,89,179,235,254,668
82,,949,砂子 明廣,38,右,Pro shop ZIP/(株)AREA-Do/ｻﾝﾌﾞﾘｯｼﾞ,51位,0,"4,621",192.54,"1,179",196.50,52,"1,236",206.00,51,54,"1,186",197.66,73,"1,020",170.00,95,228,197,212,637,"3,052",48,202,200,147,549,"3,601",200.05,65,180,160,189,529,"4,130",196.66,74,178,162,151,491
83,,1227,鈴木 崇徳,49,左,相模原パークレーンズ,102位,0,"4,612",192.16,"1,202",200.33,42,"1,077",179.50,90,78,"1,178",196.33,78,"1,155",192.50,70,206,196,219,621,"2,900",75,192,181,184,557,"3,457",192.05,81,209,213,183,605,"4,062",193.42,81,192,190,168,550
84,,1473,米澤 佑哉,62,右,フリー,73位,0,"4,610",192.08,"1,123",187.16,72,"1,076",179.33,91,90,"1,257",209.50,45,"1,154",192.33,71,211,199,199,609,"2,808",87,207,225,216,648,"3,456",192.00,82,186,225,199,610,"4,066",193.61,80,169,176,199,544
85,,1362,髙井裕滋郎,54,右両手,大学ボウル,108位,0,"4,585",191.04,"1,120",186.66,74,"1,099",183.16,86,87,"1,183",197.16,74,"1,183",197.16,62,174,211,176,561,"2,780",89,196,224,202,622,"3,402",189.00,87,227,202,195,624,"4,026",191.71,84,138,190,231,559
86,,1472,笹島新太郎,62,右両手,ﾗｳﾝﾄﾞﾜﾝｼﾞｬﾊﾟﾝ・笹島看護師紹介所,78位,0,"4,574",190.58,"1,152",192.00,61,"1,118",186.33,83,80,"1,218",203.00,60,"1,086",181.00,93,238,184,199,621,"2,891",79,186,195,216,597,"3,488",193.77,79,188,149,194,531,"4,019",191.38,85,211,168,176,555
87,,1469,田野岡大夢,62,右,ボウルアロー八尾店,89位,0,"4,569",190.37,997,166.16,95,"1,066",177.66,93,95,"1,207",201.16,67,"1,299",216.50,19,175,237,195,607,"2,670",95,159,204,237,600,"3,270",181.66,95,258,181,193,632,"3,902",185.80,94,169,289,209,667
88,,1178,平井 翔,47,右,Zohy、(株)コロナワールド/ABS,42位,0,"4,556",189.83,"1,168",194.66,55,"1,107",184.50,85,79,"1,181",196.83,76,"1,100",183.33,87,203,177,247,627,"2,902",74,156,266,132,554,"3,456",192.00,83,184,138,212,534,"3,990",190.00,87,194,184,188,566
89,,1437,鈴木 一彌,60,左,ゴールドレーン,99位,0,"4,548",189.50,"1,171",195.16,54,"1,044",174.00,96,89,"1,219",203.16,58,"1,114",185.66,82,166,235,267,668,"2,883",81,173,206,172,551,"3,434",190.77,84,213,202,194,609,"4,043",192.52,82,150,180,175,505
90,,1314,児玉 侑樹,52,右,浜松グランドボウル,75位,0,"4,539",189.12,"1,110",185.00,77,"1,050",175.00,94,92,"1,161",193.50,84,"1,218",203.00,50,232,146,234,612,"2,772",90,191,144,214,549,"3,321",184.50,92,215,245,186,646,"3,967",188.90,88,170,168,234,572
91,,1484,熊木 大地,63,右,ラウンドワンジャパン,110位,0,"4,521",188.37,"1,033",172.16,89,"1,146",191.00,79,91,"1,136",189.33,88,"1,206",201.00,55,160,155,221,536,"2,715",93,192,223,185,600,"3,315",184.16,93,278,193,168,639,"3,954",188.28,92,177,174,216,567
92,,1368,志摩竜太郎,55,左,川口スプリングレーンズ,57位,2,"4,519",188.29,"1,173",195.50,53,"1,090",181.66,88,81,"1,125",187.50,89,"1,131",188.50,77,215,203,173,591,"2,854",84,171,180,183,534,"3,388",188.22,89,167,193,214,574,"3,962",188.66,91,192,199,166,557
93,,1153,江村 学,46,右,池袋ロサボウル,103位,0,"4,504",187.66,"1,147",191.16,63,"1,088",181.33,89,85,"1,060",176.66,96,"1,209",201.50,52,203,171,151,525,"2,760",91,183,178,174,535,"3,295",183.05,94,168,227,201,596,"3,891",185.28,95,216,181,216,613
94,,1369,木田 大輔,55,右両手,東京ポートボウル,96位,0,"4,482",186.75,"1,148",191.33,62,"1,069",178.16,92,88,"1,216",202.66,62,"1,049",174.83,94,223,169,224,616,"2,833",86,193,182,225,600,"3,433",190.72,85,241,151,140,532,"3,965",188.80,90,155,178,184,517
95,,1419,大沼はるか,58,右両手,ジョイランドボウルみしま,95位,0,"4,471",186.29,999,166.50,94,"1,048",174.66,95,96,"1,188",198.00,72,"1,236",206.00,44,211,164,189,564,"2,611",96,199,213,212,624,"3,235",179.72,96,217,196,187,600,"3,835",182.61,96,215,240,181,636
96,,1454,前田 祐輔,61,右,NPO法人ライフアップサポート,76位,0,"4,409",183.70,"1,139",189.83,66,"1,099",183.16,87,84,"1,157",192.83,85,"1,014",169.00,96,185,169,192,546,"2,784",88,189,257,165,611,"3,395",188.61,88,175,186,152,513,"3,908",186.09,93,179,169,153,501
