rank,group_rank_a,group_rank_b,group_rank_c,group_rank_d,group_rank_e,group_rank_f,group_name,license_type,license_no,name,term,dominant_hand,sponsor,score_1,score_2,score_3,half1_score,score_4,score_5,score_6,half2_score,totalscore,avg_total,gender,furigana
1,,,,,1.0,,Eｸﾞﾙｰﾌﾟ,S,533,川﨑 由意,48,右,アイキョーボウル/ｻﾝﾌﾞﾘｯｼﾞ,200,267,265,732,236,184,267,687,"1,419",236.50,2,
2,,,,1.0,,,Dｸﾞﾙｰﾌﾟ,,521,秋光 楓,47,右,(株)StarLike/ｱｲﾋﾞｰﾎﾞｳﾙ越谷,257,210,214,681,238,247,233,718,"1,399",233.16,2,
3,,,,,,1.0,Fｸﾞﾙｰﾌﾟ,,494,桑藤 美樹,45,左,(株)スポルト/ABS,217,213,215,645,268,258,227,753,"1,398",233.00,2,
4,,1.0,,,,,Bｸﾞﾙｰﾌﾟ,,560,大久保咲桜,50,右,ボウリング王国スポルト横須賀店,218,207,206,631,217,268,268,753,"1,384",230.66,2,
5,,2.0,,,,,Bｸﾞﾙｰﾌﾟ,S,558,坂倉 凜,50,右,カニエJAPAN・ｱｿﾋﾞｯｸｽ,248,237,247,732,179,226,233,638,"1,370",228.33,2,
6,,,,2.0,,,Dｸﾞﾙｰﾌﾟ,S,600,金子 萌夏,55,右,相模原パークレーンズ,247,256,237,740,199,215,213,627,"1,367",227.83,2,
7,1.0,,,,,,Aｸﾞﾙｰﾌﾟ,S,364,丹羽由香梨,35,右,カニエJAPAN・ｱｿﾋﾞｯｸｽ,211,199,232,642,224,217,278,719,"1,361",226.83,2,
8,2.0,,,,,,Aｸﾞﾙｰﾌﾟ,,429,森 彩奈江,40,右,"N&KCo.,Ltd./ABS",231,236,202,669,266,249,176,691,"1,360",226.66,2,
9,,,,3.0,,,Dｸﾞﾙｰﾌﾟ,,543,松尾 星伽,49,右,ラウンドワンジャパン/ABS,257,210,223,690,245,212,206,663,"1,353",225.50,2,
10,,3.0,,,,,Bｸﾞﾙｰﾌﾟ,CS,586,幸木百合菜,53,左,相模原パークレーンズ,207,268,224,699,193,245,215,653,"1,352",225.33,2,
11,,,,,,2.0,Fｸﾞﾙｰﾌﾟ,,540,倉田 萌,48,右,サッポロオリンピアボウル,221,172,255,648,209,247,225,681,"1,329",221.50,2,
12,,4.0,,,,,Bｸﾞﾙｰﾌﾟ,S,599,石田 万音,55,右,アルゴセブン/ ﾊｲ･ｽﾎﾟｰﾂ社,186,204,223,613,215,278,220,713,"1,326",221.00,2,
13,,,,,,3.0,Fｸﾞﾙｰﾌﾟ,S,384,松永 裕美,37,右,ＡＢＳ,227,204,177,608,227,236,255,718,"1,326",221.00,2,
14,,,1.0,,,,Cｸﾞﾙｰﾌﾟ,,603,緒方 彩音,55,右,(株)ｺﾛﾅﾜｰﾙﾄﾞ / (株)ﾎﾞｳﾙｽﾀｰ,230,189,226,645,219,205,245,669,"1,314",219.00,2,
15,,,2.0,,,,Cｸﾞﾙｰﾌﾟ,S,613,秋吉 夕紀,56,右,スターレーン,266,267,210,743,224,183,162,569,"1,312",218.66,2,
16,3.0,,,,,,Aｸﾞﾙｰﾌﾟ,,488,渡辺けあき,45,右,81produce/ABS,199,208,237,644,227,215,216,658,"1,302",217.00,2,
17,4.0,,,,,,Aｸﾞﾙｰﾌﾟ,S,598,近藤 菜帆,55,右,ALSOK愛知株式会社,246,183,232,661,198,244,198,640,"1,301",216.83,2,
18,5.0,,,,,,Aｸﾞﾙｰﾌﾟ,S,544,坂本 かや,49,右,永山コパボウル,216,213,195,624,216,215,246,677,"1,301",216.83,2,
19,,,,,2.0,,Eｸﾞﾙｰﾌﾟ,,470,小林よしみ,43,右,イリスボウル,222,200,214,636,233,197,226,656,"1,292",215.33,2,
20,,,3.0,,,,Cｸﾞﾙｰﾌﾟ,,615,野仲 美咲,56,右,ココレーン,223,207,204,634,192,215,247,654,"1,288",214.66,2,
21,,,,4.0,,,Dｸﾞﾙｰﾌﾟ,S,583,堀井 春花,53,左,Ｊ－Ｂｏｗｌ御坊,211,226,174,611,225,224,224,673,"1,284",214.00,2,
22,,,,,3.0,,Eｸﾞﾙｰﾌﾟ,S,568,越智 真南,51,右,平和島スターボウル/ABS,193,188,257,638,225,200,219,644,"1,282",213.66,2,
23,,,4.0,,,,Cｸﾞﾙｰﾌﾟ,,515,坂倉にいな,47,右,カニエJAPAN・ｱｿﾋﾞｯｸｽ,206,194,197,597,213,236,236,685,"1,282",213.66,2,
24,,,5.0,,,,Cｸﾞﾙｰﾌﾟ,CS,223,長縄多禧子,21,右,スターレーン/ｻﾝﾌﾞﾘｯｼﾞ,215,211,196,622,226,207,223,656,"1,278",213.00,2,
25,6.0,,,,,,Aｸﾞﾙｰﾌﾟ,,513,鶴井 亜南,47,左,"N&KCo.,Ltd./ABS",169,214,210,593,225,216,258,699,"1,292",215.33,2,
26,,5.0,,,,,Bｸﾞﾙｰﾌﾟ,,623,井﨑 寛菜,56,右,勝田パークボウル,224,208,214,646,178,202,259,639,"1,285",214.16,2,
27,7.0,,,,,,Aｸﾞﾙｰﾌﾟ,,372,板倉奈智美,36,右,ﾋｻｶﾌﾟﾛｼｮｯﾌﾟ/ﾊｲ･ｽﾎﾟｰﾂ社,181,224,183,588,258,233,205,696,"1,284",214.00,2,
28,8.0,,,,,,Aｸﾞﾙｰﾌﾟ,,589,坂野ニイナ,54,右,ジョイナスボウル,235,147,245,627,232,216,206,654,"1,281",213.50,2,
29,9.0,,,,,,Aｸﾞﾙｰﾌﾟ,,584,原野 萌花,53,右,フラワーボウル,224,226,232,682,189,182,226,597,"1,279",213.16,2,
30,,,,,4.0,,Eｸﾞﾙｰﾌﾟ,,525,宇山 侑花,48,右,小嶺シティボウル/ABS,226,170,190,586,266,216,207,689,"1,275",212.50,2,
31,,,,5.0,,,Dｸﾞﾙｰﾌﾟ,,499,本間由佳梨,46,右,フリー,263,205,214,682,203,201,171,575,"1,257",209.50,2,
32,,,,,5.0,,Eｸﾞﾙｰﾌﾟ,S,526,久保田彩花,48,右,相模原パークレーンズ,206,268,214,688,194,160,215,569,"1,257",209.50,2,
33,10.0,,,,,,Aｸﾞﾙｰﾌﾟ,CS,507,寺下 智香,47,右,神戸六甲ボウル/ｻﾝﾌﾞﾘｯｼﾞ,199,193,236,628,225,178,224,627,"1,255",209.16,2,
34,,,,6.0,,,Dｸﾞﾙｰﾌﾟ,S,559,霜出 佳奈,50,右,サンスクエアボウル/ﾊｲ･ｽﾎﾟｰﾂ社,235,206,173,614,164,219,257,640,"1,254",209.00,2,
35,,,,,,4.0,Fｸﾞﾙｰﾌﾟ,S,352,姫路 麗,33,右,フリー,247,182,170,599,205,217,232,654,"1,253",208.83,2,
36,,6.0,,,,,Bｸﾞﾙｰﾌﾟ,,469,安藤 瞳,43,右,東名ボール,164,186,237,587,228,227,207,662,"1,249",208.16,2,
37,,,6.0,,,,Cｸﾞﾙｰﾌﾟ,,520,三浦 美里,47,右,ラウンドワンジャパン,278,191,205,674,202,180,188,570,"1,244",207.33,2,
38,,7.0,,,,,Bｸﾞﾙｰﾌﾟ,,601,河村 怜奈,55,右,フリー,197,200,191,588,180,229,246,655,"1,243",207.16,2,
39,,,,,,5.0,Fｸﾞﾙｰﾌﾟ,,537,岩見 彩乃,48,右,アイキョーボウル/ｻﾝﾌﾞﾘｯｼﾞ,212,203,157,572,279,201,179,659,"1,231",205.16,2,
40,,,7.0,,,,Cｸﾞﾙｰﾌﾟ,,594,三上 彩奈,54,右,(株)Star Like/STAR LIKE BOWL,201,212,212,625,163,210,231,604,"1,229",204.83,2,
41,11.0,,,,,,Aｸﾞﾙｰﾌﾟ,,490,大根谷 愛,45,右,Ｅ－ＢＯＷＬトマト西宮,205,229,204,638,200,183,205,588,"1,226",204.33,2,
42,,,,7.0,,,Dｸﾞﾙｰﾌﾟ,,609,緒方 美空,55,右,(株)ｺﾛﾅﾜｰﾙﾄﾞ / (株)ﾎﾞｳﾙｽﾀｰ,204,216,217,637,217,157,211,585,"1,222",203.66,2,
43,,,,8.0,,,Dｸﾞﾙｰﾌﾟ,,570,本橋 優美,51,右,スターレーン,176,191,228,595,195,227,204,626,"1,221",203.50,2,
44,,8.0,,,,,Bｸﾞﾙｰﾌﾟ,,478,小林あゆみ,44,左,eスポフィールド･ﾄﾐｺｼ高島平ﾎﾞｳﾙ,182,215,160,557,223,213,227,663,"1,220",203.33,2,
45,,,,,,6.0,Fｸﾞﾙｰﾌﾟ,JS,588,土屋 佑佳,54,右,相模ファーストレーン,244,157,170,571,166,259,221,646,"1,217",202.83,2,
46,,9.0,,,,,Bｸﾞﾙｰﾌﾟ,,528,浅田 梨奈,48,右,スターレーン,162,207,209,578,207,217,208,632,"1,210",201.66,2,
47,,10.0,,,,,Bｸﾞﾙｰﾌﾟ,,622,渡辺 莉央,56,右,ＩＴカンファー(株),191,212,183,586,233,168,209,610,"1,196",199.33,2,
48,,,,,,7.0,Fｸﾞﾙｰﾌﾟ,,509,前屋 瑠美,47,右,フリー,237,154,190,581,191,206,203,600,"1,181",196.83,2,
49,,,,9.0,,,Dｸﾞﾙｰﾌﾟ,CS,587,今井 双葉,54,右,ＩＴカンファー(株)/ﾊｲ･ｽﾎﾟｰﾂ社,159,225,214,598,191,202,187,580,"1,178",196.33,2,
50,,,,10.0,,,Dｸﾞﾙｰﾌﾟ,,618,崎山 穂花,56,右,タチバナボウル,197,180,193,570,171,231,202,604,"1,174",195.66,2,
51,,,,,,8.0,Fｸﾞﾙｰﾌﾟ,,625,熊田菜奈海,56,左,飯田通商(株),211,191,165,567,179,219,208,606,"1,173",195.50,2,
52,12.0,,,,,,Aｸﾞﾙｰﾌﾟ,PT,626,後藤光々音,57,右,(株)サウンド･ストーリー/ｻﾝﾌﾞﾘｯｼﾞ,166,164,175,505,225,187,247,659,"1,164",194.00,2,
53,,,,,6.0,,Eｸﾞﾙｰﾌﾟ,,616,太 琳華,56,右,フリー,152,205,225,582,206,180,194,580,"1,162",193.66,2,
54,,,,11.0,,,Dｸﾞﾙｰﾌﾟ,推,597,美齊津理子,54,左,フリー,217,190,163,570,191,194,205,590,"1,160",193.33,2,
55,,,8.0,,,,Cｸﾞﾙｰﾌﾟ,S,365,名和 秋,35,右,(株)コロナワールド,190,194,193,577,181,187,205,573,"1,150",191.66,2,
56,,,9.0,,,,Cｸﾞﾙｰﾌﾟ,,590,横山 実美,54,右両手,平和島スターボウル,207,195,181,583,185,184,198,567,"1,150",191.66,2,
57,,,10.0,,,,Cｸﾞﾙｰﾌﾟ,,611,新舎菜々美,55,右,コスモレーン貝塚,225,212,171,608,192,159,191,542,"1,150",191.66,2,
58,,,11.0,,,,Cｸﾞﾙｰﾌﾟ,,614,川田 菜摘,56,右,フリー/ABS,220,158,183,561,177,224,176,577,"1,138",189.66,2,
59,,,,12.0,,,Dｸﾞﾙｰﾌﾟ,,523,内藤真裕実,48,右,フリー/ｻﾝﾌﾞﾘｯｼﾞ,206,166,181,553,203,200,182,585,"1,138",189.66,2,
60,,,12.0,,,,Cｸﾞﾙｰﾌﾟ,S,450,佐藤まさみ,42,右,ダイトースターレーン/ABS,212,184,201,597,170,184,179,533,"1,130",188.33,2,
61,,,,,7.0,,Eｸﾞﾙｰﾌﾟ,,451,望月 理江,42,右,ラウンドワンジャパン/ﾊｲ･ｽﾎﾟｰﾂ社,198,165,203,566,195,192,174,561,"1,127",187.83,2,
62,,11.0,,,,,Bｸﾞﾙｰﾌﾟ,推,607,宮入 梨緒,55,右,フリー,193,199,187,579,166,181,190,537,"1,116",186.00,2,
63,,,,,8.0,,Eｸﾞﾙｰﾌﾟ,,553,廣澤 一美,49,右,(株)ＬＴＢ/ﾄﾐｺｼ高島平ﾎﾞｳﾙ,156,166,186,508,173,203,215,591,"1,099",183.16,2,
1,,,,,1.0,,Eｸﾞﾙｰﾌﾟ,☆アマ,,松田 寿夏,選手,右,伊勢原ボウリングセンター,158,195,206,559,210,202,225,637,"1,196",199.33,2,マツダ コトカ
2,,,1.0,,,,Cｸﾞﾙｰﾌﾟ,☆アマ,,古瀬 智美,選手,右,湯河原パッキーボウル,187,192,173,552,258,204,157,619,"1,171",195.16,2,フルセ トモミ
3,,,,,2.0,,Eｸﾞﾙｰﾌﾟ,☆アマ,,氏家 正子,選手,右,都留ファミリーボウル,206,193,215,614,180,194,178,552,"1,166",194.33,2,ウジイエ マサコ
4,,,,,,1.0,Fｸﾞﾙｰﾌﾟ,☆アマ,,髙橋 愛莉,選手,左,ラウンドワン横浜綱島店,229,201,213,643,177,190,143,510,"1,153",192.16,2,タカハシ アイリ
5,,,,,,2.0,Fｸﾞﾙｰﾌﾟ,☆アマ,,堀川 雪乃,選手,右,笹塚ボウル,167,188,217,572,208,212,158,578,"1,150",191.66,2,ホリカワ ユキノ
6,1.0,,,,,,Aｸﾞﾙｰﾌﾟ,☆アマ,,道上 結陽,選手,右,ダイトースターレーン,206,165,180,551,197,181,210,588,"1,139",189.83,2,ミチウエ ユア
7,2.0,,,,,,Aｸﾞﾙｰﾌﾟ,☆アマ,,野中 恵美,選手,右,大丸パークレーンズ,235,193,170,598,193,201,146,540,"1,138",189.66,2,ノナカ エミ
8,,,,1.0,,,Dｸﾞﾙｰﾌﾟ,☆アマ,,窪谷 唯花,選手,右,大学ボウル土浦本店,168,159,225,552,199,171,200,570,"1,122",187.00,2,クボヤユカ
9,,,,2.0,,,Dｸﾞﾙｰﾌﾟ,☆アマ,,春日 章美,選手,右,ヤングファラオ,188,187,175,550,201,164,196,561,"1,111",185.16,2,カスガアケミ
10,,1.0,,,,,Bｸﾞﾙｰﾌﾟ,☆アマ,,鈴木 サラ,選手,左,立川スターレーン,159,193,145,497,219,175,209,603,"1,100",183.33,2,スズキ サラ
11,,2.0,,,,,Bｸﾞﾙｰﾌﾟ,☆アマ,,和泉澤芹奈,選手,右,ニューパールレーン武里,162,161,175,498,230,174,156,560,"1,058",176.33,2,イズミサワ セリナ
12,,,2.0,,,,Cｸﾞﾙｰﾌﾟ,☆アマ,,山田 雪子,選手,右,アピナボウル松本城山店,200,166,167,533,153,168,171,492,"1,025",170.83,2,ヤマダ ユキコ
13,3.0,,,,,,Aｸﾞﾙｰﾌﾟ,☆アマ,,宿谷 貴子,選手,右,練馬トーホーボウル,214,169,165,548,202,169,218,589,"1,137",189.50,2,シュクヤ タカコ
14,4.0,,,,,,Aｸﾞﾙｰﾌﾟ,☆アマ,,小菅 由可,選手,右,大丸パークレーンズ,170,189,179,538,205,214,171,590,"1,128",188.00,2,コスゲ ユカ
15,,,,,3.0,,Eｸﾞﾙｰﾌﾟ,☆アマ,,鈴木 淳子,選手,右,ココレーン三島店,205,169,202,576,203,150,181,534,"1,110",185.00,2,スズキ ジュンコ
16,,,,,4.0,,Eｸﾞﾙｰﾌﾟ,☆アマ,,平嶋 彩葉,選手,右,タチバナボウル,139,247,180,566,167,169,181,517,"1,083",180.50,2,ヒラシマ イロハ
17,5.0,,,,,,Aｸﾞﾙｰﾌﾟ,☆アマ,,坂本 桃夏,選手,右,ウニクスボウル,171,170,187,528,196,195,155,546,"1,074",179.00,2,サカモト モモカ
18,,,,,,3.0,Fｸﾞﾙｰﾌﾟ,☆アマ,,木村亜沙子,選手,右,御殿場パークレーンズ,182,163,157,502,180,194,189,563,"1,065",177.50,2,キムラ アサコ
19,,,,3.0,,,Dｸﾞﾙｰﾌﾟ,☆アマ,,丸山 美樹,選手,左両,ココレーン松本,168,170,199,537,182,162,182,526,"1,063",177.16,2,マルヤマミキ
20,,3.0,,,,,Bｸﾞﾙｰﾌﾟ,☆アマ,,鈴木ゆかり,選手,右,立川スターレーン,189,160,204,553,147,148,186,481,"1,034",172.33,2,スズキ ユカリ
21,,,3.0,,,,Cｸﾞﾙｰﾌﾟ,☆アマ,,百瀬まどか,選手,右,アピナボウル松本城山店,170,174,163,507,182,181,154,517,"1,024",170.66,2,モモセ マドカ
22,,,,,,4.0,Fｸﾞﾙｰﾌﾟ,☆アマ,,藤田 彩佳,選手,右,サンプラザボウル,184,165,212,561,153,134,148,435,996,166.00,2,フジタ アヤカ
23,,4.0,,,,,Bｸﾞﾙｰﾌﾟ,☆アマ,,見永 幸江,選手,右,ココレーン駿河店トマトボウル,169,151,168,488,165,176,161,502,990,165.00,2,ミナガ サチエ
24,,,4.0,,,,Cｸﾞﾙｰﾌﾟ,☆アマ,,鈴木 真理,選手,右,SAP日野ボウル,202,189,166,557,154,153,126,433,990,165.00,2,スズキ マリ
25,,5.0,,,,,Bｸﾞﾙｰﾌﾟ,☆アマ,,保泉久美子,選手,右,コロナキャットボウルららぽーと沼津店,156,169,138,463,188,188,150,526,989,164.83,2,ホイズミ クミコ
26,,,,4.0,,,Dｸﾞﾙｰﾌﾟ,☆アマ,,酒井 麗,選手,右,大学ボウル土浦本店,146,157,128,431,200,156,196,552,983,163.83,2,サカイウララ
27,,,,,5.0,,Eｸﾞﾙｰﾌﾟ,☆アマ,,木村 芳子,選手,右両手,都留ファミリーボウル,152,146,188,486,124,182,147,453,939,156.50,2,キムラ ヨシコ
28,,,5.0,,,,Cｸﾞﾙｰﾌﾟ,☆アマ,,荒井 静子,選手,右,コロナキャッスルボウル小田原,148,129,180,457,158,131,170,459,916,152.66,2,アライ シズコ
29,,,,,,5.0,Fｸﾞﾙｰﾌﾟ,☆アマ,,太田 香織,選手,右,ラウンドワン横浜駅西口店,149,110,133,392,170,131,145,446,838,139.66,2,オオタ カオリ
1,,,,1.0,,,Dｸﾞﾙｰﾌﾟ,☆アマ,,飯塚 孝士,選手,右,コロナキャットボウル小田原,235,213,267,715,235,258,290,783,"1,498",249.66,1,イイヅカタカシ
2,,,1.0,,,,Cｸﾞﾙｰﾌﾟ,☆アマ,,望月 瞭,選手,左両手,ラウンドワン岸和田,258,221,217,696,259,210,267,736,"1,432",238.66,1,モチヅキ リョウ
3,,,,2.0,,,Dｸﾞﾙｰﾌﾟ,☆アマ,,若松 亨好,選手,右,ラウンドワン中川一号線店,234,246,244,724,226,213,213,652,"1,376",229.33,1,ワカマツアキヨシ
4,1.0,,,,,,Aｸﾞﾙｰﾌﾟ,☆アマ,,雪吹 洸輔,選手,右,相模原パークレーンズ,224,258,199,681,268,203,204,675,"1,356",226.00,1,フブキ コウスケ
5,,1.0,,,,,Bｸﾞﾙｰﾌﾟ,☆アマ,,齋藤 恵太,選手,右,所沢スターレーン,172,268,224,664,204,216,257,677,"1,341",223.50,1,サイトウ ケイタ
6,,2.0,,,,,Bｸﾞﾙｰﾌﾟ,☆アマ,,沖村 孝,選手,右,ダイトースターレーン,266,268,189,723,223,180,206,609,"1,332",222.00,1,オキムラ タカシ
7,2.0,,,,,,Aｸﾞﾙｰﾌﾟ,☆アマ,,八鍬 良太,選手,右,立川スターレーン,198,228,214,640,226,215,236,677,"1,317",219.50,1,ヤクワ リョウタ
8,,,,,1.0,,Eｸﾞﾙｰﾌﾟ,☆アマ,,黒河内 潔,選手,右,池袋ロサボウル,170,245,247,662,226,211,213,650,"1,312",218.66,1,クロコウチ キヨシ
9,,,,,2.0,,Eｸﾞﾙｰﾌﾟ,☆アマ,,DJ Douttiel,選手,右両手,Tomodachi Lanes,277,201,213,691,162,269,190,621,"1,312",218.66,1,ディージェー ドゥティール
10,3.0,,,,,,Aｸﾞﾙｰﾌﾟ,☆アマ,,沼田 一輝,選手,右,高尾スターレーン,214,193,203,610,255,223,211,689,"1,299",216.50,1,ヌマタ カズキ
11,,,2.0,,,,Cｸﾞﾙｰﾌﾟ,☆アマ,,永石 弘輝,選手,右両手,Bolo静岡,224,205,226,655,192,213,238,643,"1,298",216.33,1,ナガイシ コウキ
12,,,,3.0,,,Dｸﾞﾙｰﾌﾟ,☆アマ,,伊里 秀太,選手,右,ラウンドワン中川一号線店,203,277,168,648,214,195,236,645,"1,293",215.50,1,イリショウタ
13,,,,,3.0,,Eｸﾞﾙｰﾌﾟ,☆アマ,,中田 英一,選手,右,コロナキャットボウル小田原店,202,247,201,650,188,238,215,641,"1,291",215.16,1,ナカタ エイイチ
14,,,,,,1.0,Fｸﾞﾙｰﾌﾟ,☆アマ,,上村 良夫,選手,左,都留ファミリーボウル,175,226,259,660,213,198,205,616,"1,276",212.66,1,ウエムラ ヨシオ
15,,,,4.0,,,Dｸﾞﾙｰﾌﾟ,☆アマ,,川宿田 遼,選手,右,関大前フタバボウル,219,215,211,645,215,194,213,622,"1,267",211.16,1,カワシュクダリョウ
16,,,,,,2.0,Fｸﾞﾙｰﾌﾟ,☆アマ,,室井 勝,選手,左,池袋ロサボウル,226,224,211,661,199,217,185,601,"1,262",210.33,1,ムロイ スグル
17,,,3.0,,,,Cｸﾞﾙｰﾌﾟ,☆アマ,,久田 尚輝,選手,右,スポルト南アルプス店,252,234,185,671,201,187,203,591,"1,262",210.33,1,ヒサダ ナオキ
18,,,,5.0,,,Dｸﾞﾙｰﾌﾟ,☆アマ,,佐久間 忍,選手,右,新狭山グランドボウル,228,236,212,676,170,202,206,578,"1,254",209.00,1,サクマシノブ
19,,3.0,,,,,Bｸﾞﾙｰﾌﾟ,☆アマ,,和泉澤幸伸,選手,右,ニューパールレーン武里,197,150,226,573,228,203,247,678,"1,251",208.50,1,イズミサワ ユキノブ
20,,,4.0,,,,Cｸﾞﾙｰﾌﾟ,☆アマ,,野田 勝美,選手,右,スポルト南アルプス店,257,170,184,611,221,185,229,635,"1,246",207.66,1,ノダ カツミ
21,,4.0,,,,,Bｸﾞﾙｰﾌﾟ,☆アマ,,伊藤 勇基,選手,右,タチバナボウル,189,236,159,584,225,218,212,655,"1,239",206.50,1,イトウ ユウキ
22,,5.0,,,,,Bｸﾞﾙｰﾌﾟ,☆アマ,,田代 寿一,選手,右,ＭＫボウル上賀茂,200,191,197,588,203,201,245,649,"1,237",206.16,1,タシロ トシカズ
23,4.0,,,,,,Aｸﾞﾙｰﾌﾟ,☆アマ,,野田 正樹,選手,左,ダイトースターレーン,195,221,216,632,193,226,185,604,"1,236",206.00,1,ノダ マサキ
24,,,,,,3.0,Fｸﾞﾙｰﾌﾟ,☆アマ,,須山 弘基,選手,右,都留ファミリーボウル,194,205,219,618,236,210,169,615,"1,233",205.50,1,スヤマ ヒロキ
25,,,,,4.0,,Eｸﾞﾙｰﾌﾟ,☆アマ,,荻野 凌佑,選手,右両手,大丸パークレーンズ,243,206,171,620,224,206,225,655,"1,275",212.50,1,オギノ リョウスケ
26,,,,,5.0,,Eｸﾞﾙｰﾌﾟ,☆アマ,,秋山 寿光,選手,右,池袋ロサボウル,220,226,181,627,200,220,194,614,"1,241",206.83,1,アキヤマ トシミツ
27,,,,,6.0,,Eｸﾞﾙｰﾌﾟ,☆アマ,,市川 和也,選手,右,ダイトースターレーン,188,246,179,613,169,238,212,619,"1,232",205.33,1,イチカワ カズヤ
28,,,,,,4.0,Fｸﾞﾙｰﾌﾟ,☆アマ,,安里 光功,選手,右,ドラゴンボウル,209,236,189,634,181,171,244,596,"1,230",205.00,1,アサト ミツノリ
29,,,,6.0,,,Dｸﾞﾙｰﾌﾟ,☆アマ,,伊藤 佑輔,選手,右,ココレーン松本店,190,285,179,654,194,197,184,575,"1,229",204.83,1,イトウユウスケ
30,5.0,,,,,,Aｸﾞﾙｰﾌﾟ,☆アマ,,齊藤 晴飛,選手,右両手,ダイトースターレーン,181,207,169,557,228,222,222,672,"1,229",204.83,1,サイトウ ハルヒ
31,,,,7.0,,,Dｸﾞﾙｰﾌﾟ,☆アマ,,中込 順,選手,右,ダイトースターレーン,203,193,245,641,198,202,186,586,"1,227",204.50,1,ナカゴミジュン
32,,,,,,5.0,Fｸﾞﾙｰﾌﾟ,☆アマ,,江守弘二郎,選手,右,宇都宮第二トーヨーボウル,169,232,206,607,204,220,194,618,"1,225",204.16,1,エモリ コウジロウ
33,,,,8.0,,,Dｸﾞﾙｰﾌﾟ,☆アマ,,丸山 宏貴,選手,右,ココレーン松本店,210,220,199,629,215,182,198,595,"1,224",204.00,1,マルヤマヒロキ
34,,,,,7.0,,Eｸﾞﾙｰﾌﾟ,☆アマ,,吉川 智博,選手,右,都留ファミリーボウル,234,137,232,603,216,235,169,620,"1,223",203.83,1,ヨシカワ トモヒロ
35,,,,,,6.0,Fｸﾞﾙｰﾌﾟ,☆アマ,,植竹 博史,選手,左,池袋ロサボウル,172,258,226,656,188,188,191,567,"1,223",203.83,1,ウエタケ ヒロシ
36,,6.0,,,,,Bｸﾞﾙｰﾌﾟ,☆アマ,,石田 伸一,選手,右,アイキョーボウル,242,192,177,611,187,220,195,602,"1,213",202.16,1,イシダ シンイチ
37,6.0,,,,,,Aｸﾞﾙｰﾌﾟ,☆アマ,,貴島 陽,選手,右,大丸パークレーンズ,214,234,205,653,187,179,190,556,"1,209",201.50,1,キジマ アキラ
38,7.0,,,,,,Aｸﾞﾙｰﾌﾟ,☆アマ,,伊藤 出,選手,右,大丸パークレーンズ,237,214,182,633,188,185,199,572,"1,205",200.83,1,イトウ イズル
39,8.0,,,,,,Aｸﾞﾙｰﾌﾟ,☆アマ,,鈴木 好人,選手,右,ＳＡＰ日野ボウル,187,203,215,605,203,216,180,599,"1,204",200.66,1,スズキ ヨシヒト
40,,,5.0,,,,Cｸﾞﾙｰﾌﾟ,☆アマ,,佐藤 晃一,選手,右,蒲田イモンボウル,191,237,144,572,233,213,185,631,"1,203",200.50,1,サトウ コウイチ
41,,,,,8.0,,Eｸﾞﾙｰﾌﾟ,☆アマ,,永瀧ひろし,選手,右,立川スターレーン,189,184,237,610,171,212,208,591,"1,201",200.16,1,ナガタキ ヒロシ
42,,,,,9.0,,Eｸﾞﾙｰﾌﾟ,☆アマ,,奥山 命,選手,右,タチバナボウル,189,149,213,551,232,218,191,641,"1,192",198.66,1,オクヤマ ミコト
43,,,,,,7.0,Fｸﾞﾙｰﾌﾟ,☆アマ,,石森 文崇,選手,右,立川スターレーン,216,184,254,654,167,182,188,537,"1,191",198.50,1,イシモリ フミタカ
44,,,6.0,,,,Cｸﾞﾙｰﾌﾟ,☆アマ,,内田 昌也,選手,右,スポルト南アルプス店,203,184,193,580,199,221,189,609,"1,189",198.16,1,ウチダ マサヤ
45,,,,,,8.0,Fｸﾞﾙｰﾌﾟ,☆アマ,,清水 一真,選手,右,岡崎グランドボウル,213,180,215,608,206,234,140,580,"1,188",198.00,1,シミズ カズマ
46,,7.0,,,,,Bｸﾞﾙｰﾌﾟ,☆アマ,,山岸 直人,選手,右両手,高尾スターレーン,185,222,157,564,195,245,182,622,"1,186",197.66,1,ヤマギシ ナオト
47,,,,9.0,,,Dｸﾞﾙｰﾌﾟ,☆アマ,,河西 健斗,選手,右両手,スポルト岡谷,229,171,181,581,215,190,199,604,"1,185",197.50,1,カワニシケント
48,,,,10.0,,,Dｸﾞﾙｰﾌﾟ,☆アマ,,一ノ瀬 靖,選手,右,ココレーン松本店,230,184,191,605,194,182,204,580,"1,185",197.50,1,イチノセヤスシ
49,,,7.0,,,,Cｸﾞﾙｰﾌﾟ,☆アマ,,髙橋 清一,選手,右,平和島スターボウル,176,224,175,575,186,255,168,609,"1,184",197.33,1,タカハシ セイイチ
50,9.0,,,,,,Aｸﾞﾙｰﾌﾟ,☆アマ,,佐藤 剛,選手,右,ダイトースターレーン,180,159,224,563,231,192,198,621,"1,184",197.33,1,サトウ ツヨシ
51,,,,11.0,,,Dｸﾞﾙｰﾌﾟ,☆アマ,,中村 大貴,選手,右,ヤングファラオ,223,216,136,575,203,204,199,606,"1,181",196.83,1,ナカジマダイキ
52,,,,,,9.0,Fｸﾞﾙｰﾌﾟ,☆アマ,,高尾 晃正,選手,右,川越ボウリングセンター,166,189,222,577,223,192,185,600,"1,177",196.16,1,タカオ テルマサ
53,10.0,,,,,,Aｸﾞﾙｰﾌﾟ,☆アマ,,浜道 大空,選手,右両手,ダイトースターレーン,246,179,176,601,192,220,163,575,"1,176",196.00,1,ハマミチ タクミ
54,,,,,10.0,,Eｸﾞﾙｰﾌﾟ,☆アマ,,阪口 昭一,選手,右,相模原パークレーンズ,179,205,209,593,213,189,180,582,"1,175",195.83,1,サカグチ ショウイチ
55,11.0,,,,,,Aｸﾞﾙｰﾌﾟ,☆アマ,,西 剣雲,選手,右,ダイトースターレーン,204,217,190,611,190,181,192,563,"1,174",195.66,1,ニシ ケンモ
56,12.0,,,,,,Aｸﾞﾙｰﾌﾟ,☆アマ,,渡辺 浩三,選手,右,ダイトースターレーン,173,229,215,617,193,193,171,557,"1,174",195.66,1,ワタナベ コウゾウ
57,,,,12.0,,,Dｸﾞﾙｰﾌﾟ,☆アマ,,春日 一男,選手,左,ヤングファラオ,221,196,172,589,157,193,234,584,"1,173",195.50,1,カスガカズオ
58,,8.0,,,,,Bｸﾞﾙｰﾌﾟ,☆アマ,,須藤 翔馬,選手,右,所沢スターレーン,177,212,202,591,173,216,190,579,"1,170",195.00,1,スドウ ショウマ
59,,,,,11.0,,Eｸﾞﾙｰﾌﾟ,☆アマ,,友田 健人,選手,右,永山コパボウル,196,181,200,577,217,201,175,593,"1,170",195.00,1,トモダ ケント
60,,,,13.0,,,Dｸﾞﾙｰﾌﾟ,☆アマ,,萩谷 勝則,選手,右,勝田パークボウル,174,180,190,544,236,223,167,626,"1,170",195.00,1,ハギヤカツノリ
61,,,8.0,,,,Cｸﾞﾙｰﾌﾟ,☆アマ,,杉本 智,選手,右,高尾スターレーン,190,184,173,547,203,203,213,619,"1,166",194.33,1,スギモト サトシ
62,,,,14.0,,,Dｸﾞﾙｰﾌﾟ,☆アマ,,東尾 祐真,選手,右両手,名古屋グランドボウル,245,219,176,640,179,181,165,525,"1,165",194.16,1,ヒガシオユウマ
63,,9.0,,,,,Bｸﾞﾙｰﾌﾟ,☆アマ,,北 大志,選手,右,平和島スターボウル,170,193,222,585,180,233,163,576,"1,161",193.50,1,キタ ヒロシ
64,,,9.0,,,,Cｸﾞﾙｰﾌﾟ,☆アマ,,田中 玲帆,選手,右両手,スポルト南アルプス店,129,256,187,572,187,177,220,584,"1,156",192.66,1,タナカ レイホ
65,,10.0,,,,,Bｸﾞﾙｰﾌﾟ,☆アマ,,北村 英仁,選手,右,ダイトースターレーン,192,205,193,590,159,227,180,566,"1,156",192.66,1,キタムラ ヒデヒト
66,,,10.0,,,,Cｸﾞﾙｰﾌﾟ,☆アマ,,宇賀神正敏,選手,右,ラウンドワン上尾,257,152,210,619,159,194,184,537,"1,156",192.66,1,ウガジン マサトシ
67,,,11.0,,,,Cｸﾞﾙｰﾌﾟ,☆アマ,,萩原 弘,選手,右,新東京ダイヤモンドボウル,205,204,204,613,165,201,164,530,"1,143",190.50,1,ハギワラ ヒロシ
68,13.0,,,,,,Aｸﾞﾙｰﾌﾟ,☆アマ,,宮下 篤,選手,右,大丸パークレーンズ,165,211,197,573,183,209,177,569,"1,142",190.33,1,ミヤシタ アツシ
69,,,12.0,,,,Cｸﾞﾙｰﾌﾟ,☆アマ,,平澤 学,選手,左,Bolo静岡,190,165,226,581,172,181,208,561,"1,142",190.33,1,ヒラサワ マナブ
70,,,,,12.0,,Eｸﾞﾙｰﾌﾟ,☆アマ,,長田 昇,選手,左,都留ファミリーボウル,178,143,171,492,215,189,245,649,"1,141",190.16,1,オサダ ノボル
71,,11.0,,,,,Bｸﾞﾙｰﾌﾟ,☆アマ,,大溝 孝良,選手,右,ラウンドワン町田店,175,164,203,542,227,191,177,595,"1,137",189.50,1,オオミゾ タカヨシ
72,14.0,,,,,,Aｸﾞﾙｰﾌﾟ,☆アマ,,宿谷 政文,選手,右,練馬トーホーボール,246,149,155,550,194,189,202,585,"1,135",189.16,1,シュクヤ マサフミ
73,15.0,,,,,,Aｸﾞﾙｰﾌﾟ,☆アマ,,有冨 豊,選手,左,ＳＡＰ日野ボウル,189,193,201,583,200,195,156,551,"1,134",189.00,1,アリトミ ユタカ
74,,,,,13.0,,Eｸﾞﾙｰﾌﾟ,☆アマ,,富永 貴幸,選手,右,都留ファミリーボウル,154,188,232,574,194,181,182,557,"1,131",188.50,1,トミナガ タカユキ
75,,12.0,,,,,Bｸﾞﾙｰﾌﾟ,☆アマ,,浅野 純,選手,右,小山ゴールドレーン,187,237,178,602,171,200,154,525,"1,127",187.83,1,アサノ ジュン
76,16.0,,,,,,Aｸﾞﾙｰﾌﾟ,☆アマ,,深澤 龍,選手,右,大丸パークレーンズ,165,162,166,493,201,218,214,633,"1,126",187.66,1,フカサワ リョウ
77,,,,15.0,,,Dｸﾞﾙｰﾌﾟ,☆アマ,,深田 賢,選手,右,フジ取手ボウル,190,199,191,580,153,169,223,545,"1,125",187.50,1,フカダケン
78,,,,,,10.0,Fｸﾞﾙｰﾌﾟ,☆アマ,,向井 一司,選手,右,コロナキャットボウル中川店,188,174,185,547,212,172,192,576,"1,123",187.16,1,ムカイ カズシ
79,,13.0,,,,,Bｸﾞﾙｰﾌﾟ,☆アマ,,有賀 徹,選手,左,ボウルアロー松原店,172,158,187,517,226,193,185,604,"1,121",186.83,1,アリガ トオル
80,,14.0,,,,,Bｸﾞﾙｰﾌﾟ,☆アマ,,久留 悠輝,選手,左,浜松毎日ボウル,161,225,191,577,183,200,159,542,"1,119",186.50,1,ヒサトメ ユウキ
81,,,,16.0,,,Dｸﾞﾙｰﾌﾟ,☆アマ,,海瀬 匠,選手,右,ダイトースターレーン,240,207,159,606,172,170,171,513,"1,119",186.50,1,カイセタクミ
82,,15.0,,,,,Bｸﾞﾙｰﾌﾟ,☆アマ,,齊藤 雄飛,選手,右,ダイトースターレーン,205,223,193,621,158,149,189,496,"1,117",186.16,1,サイトウ ユウヒ
83,17.0,,,,,,Aｸﾞﾙｰﾌﾟ,☆アマ,,小菅 司,選手,右,大丸パークレーンズ,195,226,147,568,181,191,176,548,"1,116",186.00,1,コスゲ ツカサ
84,,,13.0,,,,Cｸﾞﾙｰﾌﾟ,☆アマ,,上田 裕,選手,右,江の島ボウリグセンター,159,243,178,580,199,167,170,536,"1,116",186.00,1,ウエダ ユタカ
85,,,,17.0,,,Dｸﾞﾙｰﾌﾟ,☆アマ,,中山 健一,選手,右,永山コパボウル,166,194,189,549,168,181,216,565,"1,114",185.66,1,ナカヤマケンイチ
86,,16.0,,,,,Bｸﾞﾙｰﾌﾟ,☆アマ,,兒玉 翔,選手,右両手,ラウンドワン中川１号線店,169,178,219,566,174,195,179,548,"1,114",185.66,1,コダマ ショウ
87,,17.0,,,,,Bｸﾞﾙｰﾌﾟ,☆アマ,,小野 雄司,選手,右,ニューパールレーン武里,177,177,168,522,181,209,201,591,"1,113",185.50,1,オノ ユウジ
88,,,14.0,,,,Cｸﾞﾙｰﾌﾟ,☆アマ,,中山 浩明,選手,右,アピナボウル松本城山店,147,179,221,547,161,214,183,558,"1,105",184.16,1,ナカヤマ ヒロアキ
89,,,15.0,,,,Cｸﾞﾙｰﾌﾟ,☆アマ,,武田 久志,選手,右,スポルト南アルプス店,152,188,161,501,204,199,200,603,"1,104",184.00,1,タケダ ヒサシ
90,,,,18.0,,,Dｸﾞﾙｰﾌﾟ,☆アマ,,荒木 恵太,選手,右,大学ボウル土浦本店,200,192,187,579,173,185,165,523,"1,102",183.66,1,アラキケイタ
91,,,,19.0,,,Dｸﾞﾙｰﾌﾟ,☆アマ,,中蔦 広武,選手,右,ココレーン松本店,194,182,191,567,168,190,174,532,"1,099",183.16,1,ナカジマヒロム
92,,,,,,11.0,Fｸﾞﾙｰﾌﾟ,☆アマ,,西脇 昌紀,選手,右,葛西とうきゅうボウル,167,154,184,505,224,163,206,593,"1,098",183.00,1,ニシワキ マサキ
93,,,16.0,,,,Cｸﾞﾙｰﾌﾟ,☆アマ,,金山 健太,選手,右両手,川崎グランドボウル,195,188,160,543,189,201,161,551,"1,094",182.33,1,カナヤマ ケンタ
94,18.0,,,,,,Aｸﾞﾙｰﾌﾟ,☆アマ,,堀内 亨,選手,右,大丸パークレーンズ,154,202,172,528,203,181,181,565,"1,093",182.16,1,ホリウチ トオル
95,19.0,,,,,,Aｸﾞﾙｰﾌﾟ,☆アマ,,村田 優希,選手,右両手,大丸パークレーンズ,198,180,187,565,169,172,180,521,"1,086",181.00,1,ムラタ ユウキ
96,,,,20.0,,,Dｸﾞﾙｰﾌﾟ,☆アマ,,柳沢 勇樹,選手,右,スポルト南アルプス店,179,152,219,550,175,168,190,533,"1,083",180.50,1,ヤナギサワユウキ
97,,,,,,12.0,Fｸﾞﾙｰﾌﾟ,☆アマ,,國井 水稀,選手,右両手,コロナキャットボウル中川店,176,169,173,518,183,205,172,560,"1,078",179.66,1,クニイ ミズキ
98,,18.0,,,,,Bｸﾞﾙｰﾌﾟ,☆アマ,,渋谷晃次郎,選手,右,高尾スターレーン,172,152,177,501,161,211,200,572,"1,073",178.83,1,シブヤ コウジロウ
99,,,,,,13.0,Fｸﾞﾙｰﾌﾟ,☆アマ,,前村 大輔,選手,右,アソビックスあさひ,168,177,173,518,188,205,160,553,"1,071",178.50,1,マエムラ ダイスケ
100,,19.0,,,,,Bｸﾞﾙｰﾌﾟ,☆アマ,,福田 透,選手,右,南平グランドボール,164,196,137,497,136,202,234,572,"1,069",178.16,1,フクダ トオル
101,,,,,14.0,,Eｸﾞﾙｰﾌﾟ,☆アマ,,定月 達郎,選手,左,都留ファミリーボウル,172,202,145,519,160,182,207,549,"1,068",178.00,1,サダツキ タツロウ
102,,,17.0,,,,Cｸﾞﾙｰﾌﾟ,☆アマ,,岸山 栄治,選手,右,スポルト南アルプス店,162,168,196,526,190,214,130,534,"1,060",176.66,1,キシヤマ エイジ
103,20.0,,,,,,Aｸﾞﾙｰﾌﾟ,☆アマ,,北澤 淳,選手,右,大丸パークレーンズ,130,190,151,471,205,181,203,589,"1,060",176.66,1,キタザワ ジュン
104,,,,21.0,,,Dｸﾞﾙｰﾌﾟ,☆アマ,,齊木健太郎,選手,右,春日井グランドボウル,152,203,174,529,179,205,146,530,"1,059",176.50,1,サイキケンタロウ
105,,,,,15.0,,Eｸﾞﾙｰﾌﾟ,☆アマ,,後藤 朋紀,選手,右,都留ファミリーボウル,164,189,185,538,181,161,178,520,"1,058",176.33,1,ゴトウ トモノリ
106,,20.0,,,,,Bｸﾞﾙｰﾌﾟ,☆アマ,,吉田 茂樹,選手,右,相模原パークレーンズ,137,202,178,517,148,213,180,541,"1,058",176.33,1,ヨシダ シゲキ
107,,,18.0,,,,Cｸﾞﾙｰﾌﾟ,☆アマ,,櫻井 昇,選手,右,ダイトースターレーン,186,151,208,545,188,169,149,506,"1,051",175.16,1,サクライ ノボル
108,,,,,,14.0,Fｸﾞﾙｰﾌﾟ,☆アマ,,関口 力,選手,右,桜ヶ丘ボウリングセンター,185,141,170,496,170,178,206,554,"1,050",175.00,1,セキグチ ツトム
109,,,,,16.0,,Eｸﾞﾙｰﾌﾟ,☆アマ,,岡本 裕貴,選手,右両手,相模原パークレーンズ,193,149,156,498,161,204,186,551,"1,049",174.83,1,オカモト ユウキ
110,,,,,17.0,,Eｸﾞﾙｰﾌﾟ,☆アマ,,渋谷 健一,選手,右,タチバナボウル,193,162,219,574,148,138,189,475,"1,049",174.83,1,シブヤ ケンイチ
111,,21.0,,,,,Bｸﾞﾙｰﾌﾟ,☆アマ,,福永 幸広,選手,右,平和島スターボウル,151,178,180,509,167,173,197,537,"1,046",174.33,1,フクナガ ユキヒロ
112,,,19.0,,,,Cｸﾞﾙｰﾌﾟ,☆アマ,,高木 勇太,選手,右,稲沢グランドボウル,163,179,172,514,193,179,153,525,"1,039",173.16,1,タカギ ユウタ
113,,22.0,,,,,Bｸﾞﾙｰﾌﾟ,☆アマ,,堀内 秀一,選手,右,大丸パークレーンズ,149,185,219,553,136,187,162,485,"1,038",173.00,1,ホリウチ ヒデカズ
114,21.0,,,,,,Aｸﾞﾙｰﾌﾟ,☆アマ,,野澤 玄,選手,右,大丸パークレーンズ,171,158,157,486,192,151,204,547,"1,033",172.16,1,ノザワ ゲン
115,,,,22.0,,,Dｸﾞﾙｰﾌﾟ,☆アマ,,滝沢 清,選手,右,ヤングファラオ,149,155,204,508,177,166,180,523,"1,031",171.83,1,タキザワキヨシ
116,22.0,,,,,,Aｸﾞﾙｰﾌﾟ,☆アマ,,浜道 定路,選手,右,大丸パークレーンズ,168,182,189,539,167,165,159,491,"1,030",171.66,1,ハマミチ サダミチ
117,23.0,,,,,,Aｸﾞﾙｰﾌﾟ,☆アマ,,遠藤 史彦,選手,右,大丸パークレーンズ,200,174,144,518,214,127,169,510,"1,028",171.33,1,エンドウ フミヒコ
118,,,20.0,,,,Cｸﾞﾙｰﾌﾟ,☆アマ,,小林 義輝,選手,右,スポルト南アルプス店,193,160,203,556,156,145,169,470,"1,026",171.00,1,コバヤシ ヨシテル
119,24.0,,,,,,Aｸﾞﾙｰﾌﾟ,☆アマ,,境 孝道,選手,右,ダイトースターレーン,140,141,202,483,195,192,155,542,"1,025",170.83,1,サカイ タカミチ
120,25.0,,,,,,Aｸﾞﾙｰﾌﾟ,☆アマ,,尾崎 僚,選手,右,大丸パークレーンズ,181,171,163,515,167,189,153,509,"1,024",170.66,1,オザキ リョウ
121,,23.0,,,,,Bｸﾞﾙｰﾌﾟ,☆アマ,,見永 成則,選手,右,ココレーン駿河店トマトボウル,186,165,143,494,203,151,175,529,"1,023",170.50,1,ミナガ マサノリ
122,26.0,,,,,,Aｸﾞﾙｰﾌﾟ,☆アマ,,高村 雄二,選手,右,大丸パークレーンズ,156,181,166,503,174,175,169,518,"1,021",170.16,1,タカムラ ユウジ
123,,,21.0,,,,Cｸﾞﾙｰﾌﾟ,☆アマ,,末永 雅也,選手,右,SAP日野ボウル,173,161,146,480,163,215,149,527,"1,007",167.83,1,スエナガ マサヤ
124,,,,,,15.0,Fｸﾞﾙｰﾌﾟ,☆アマ,,フライヤーマシュー,選手,左,相模原パークレーンズ,168,128,176,472,159,167,202,528,"1,000",166.66,1,フライヤーマシュー
125,,24.0,,,,,Bｸﾞﾙｰﾌﾟ,☆アマ,,青島 龍治,選手,左両手,袋井グランドボウル,173,135,194,502,162,152,179,493,995,165.83,1,アオシマ リュウジ
126,,,,,,16.0,Fｸﾞﾙｰﾌﾟ,☆アマ,,小俣 亮真,選手,右,都留ファミリーボウル,125,127,172,424,180,187,203,570,994,165.66,1,オマタ リョウマ
127,,,,23.0,,,Dｸﾞﾙｰﾌﾟ,☆アマ,,山口 敏道,選手,右,軽井沢プリンスボウル,188,147,146,481,156,160,194,510,991,165.16,1,ヤマグチトシミチ
128,,,22.0,,,,Cｸﾞﾙｰﾌﾟ,☆アマ,,丸山 明夫,選手,右,アピナボウル松本城山店,205,177,144,526,131,166,165,462,988,164.66,1,マルヤマ アキオ
129,,,,,,17.0,Fｸﾞﾙｰﾌﾟ,☆アマ,,岡崎 豊,選手,右,池袋ロサボウル,166,159,171,496,159,168,164,491,987,164.50,1,オカザキ ユタカ
130,,,23.0,,,,Cｸﾞﾙｰﾌﾟ,☆アマ,,玉井 康仁,選手,右,アピナボウル松本城山店,171,174,150,495,146,155,187,488,983,163.83,1,タマイ ヤスヒト
131,,,24.0,,,,Cｸﾞﾙｰﾌﾟ,☆アマ,,手塚 義弘,選手,左,ダイトースターレーン,162,225,137,524,150,172,134,456,980,163.33,1,テヅカ ヨシヒロ
132,,25.0,,,,,Bｸﾞﾙｰﾌﾟ,☆アマ,,森谷 達,選手,右,大丸パークレーンズ,176,154,145,475,196,145,155,496,971,161.83,1,モリヤ サトル
133,,,25.0,,,,Cｸﾞﾙｰﾌﾟ,☆アマ,,清水 智幸,選手,右,SAP日野ボウル,197,177,180,554,139,148,130,417,971,161.83,1,シミズ トモユキ
134,,,,24.0,,,Dｸﾞﾙｰﾌﾟ,☆アマ,,田中 陽介,選手,右,ココレーン松本店,172,180,146,498,161,147,155,463,961,160.16,1,タナカヨウスケ
135,,,26.0,,,,Cｸﾞﾙｰﾌﾟ,☆アマ,,佐塚 啓吾,選手,右,Bolo静岡,154,146,166,466,161,178,133,472,938,156.33,1,サヅカ ケイゴ
136,,,,25.0,,,Dｸﾞﾙｰﾌﾟ,☆アマ,,林 伸年,選手,右,伊賀にんにんボウル,148,176,177,501,144,142,148,434,935,155.83,1,ハヤシノブトシ
137,,,27.0,,,,Cｸﾞﾙｰﾌﾟ,☆アマ,,谷本 茂幸,選手,右,スポルト南アルプス店,146,133,145,424,132,179,123,434,858,143.00,1,タニモト シゲユキ
138,,26.0,,,,,Bｸﾞﾙｰﾌﾟ,☆アマ,,若林 敏彦,選手,右,ココレーン松本店,180,96,150,426,179,168,78,425,851,141.83,1,ワカバヤシ トシヒコ
139,,,,,18.0,,Eｸﾞﾙｰﾌﾟ,☆アマ,,田中 雅人,選手,右,高尾スターレーン,147,113,178,438,118,124,139,381,819,136.50,1,タナカ マサト
