rank,license_type,license_no,name,term,dominant_hand,sponsor,current_rank,titles,totalscore,games,avg_total,part1_score,part1_avg,part1_rank,part2_score,part2_avg,part2_rank,part3_score,part3_avg,part3_rank,part4_score,part4_avg,part4_rank,score_13,score_14,score_15,stage5_score,total15_score,total15_rank,score_16,score_17,score_18,stage6_score,total18_score,total18_avg,total18_rank,score_19,score_20,score_21,stage7_score,total21_score,total21_avg,total21_rank,score_22,score_23,score_24,stage8_score
1,TS,600,金子 萌夏,55,右,相模原パークレーンズ,14位,0,"5,173",24,215.54,"1,184",197.33,26,"1,109",184.83,63,"1,556",259.33,1,"1,324",220.66,3,300,248,245,793,"3,086",17,198,265,300,763,"3,849",213.83,4,175,189,201,565,"4,414",210.19,6,247,234,278,759
2,,615,野仲 美咲,56,右,ココレーン,17位,0,"5,156",24,214.83,"1,343",223.83,1,"1,348",224.66,2,"1,299",216.50,15,"1,166",194.33,34,224,224,219,667,"3,358",1,217,224,191,632,"3,990",221.66,1,193,200,180,573,"4,563",217.28,1,236,198,159,593
3,TS,559,霜出 佳奈,50,右,サンスクエアボウル/ﾊｲ･ｽﾎﾟｰﾂ社,10位,2,"5,143",24,214.29,"1,328",221.33,2,"1,202",200.33,34,"1,294",215.66,18,"1,319",219.83,5,194,259,182,635,"3,165",5,248,220,191,659,"3,824",212.44,6,248,206,235,689,"4,513",214.90,3,209,228,193,630
4,TS,582,中島 瑞葵,53,右,フリー/ABS,2位,10,"5,118",24,213.25,"1,177",196.16,29,"1,254",209.00,20,"1,344",224.00,7,"1,343",223.83,1,246,225,233,704,"3,135",8,219,183,238,640,"3,775",209.72,8,187,200,235,622,"4,397",209.38,7,226,246,249,721
5,TS,364,丹羽由香梨,35,右,カニエJAPAN・ｱｿﾋﾞｯｸｽ,21位,1,"5,069",24,211.20,"1,296",216.00,4,"1,152",192.00,55,"1,353",225.50,3,"1,268",211.33,10,278,175,262,715,"3,163",6,191,242,205,638,"3,801",211.16,7,211,278,181,670,"4,471",212.90,4,202,172,224,598
6,CS,507,寺下 智香,47,右,神戸六甲ボウル/ｻﾝﾌﾞﾘｯｼﾞ,7位,7(1),"5,066",24,211.08,"1,182",197.00,28,"1,302",217.00,7,"1,386",231.00,2,"1,196",199.33,26,244,247,258,749,"3,233",3,200,203,234,637,"3,870",215.00,2,175,194,216,585,"4,455",212.14,5,181,239,191,611
7,,521,秋光 楓,47,右,(株)StarLike/ｱｲﾋﾞｰﾎﾞｳﾙ越谷,26位,0,"5,055",24,210.62,"1,247",207.83,11,"1,317",219.50,4,"1,285",214.16,22,"1,206",201.00,21,199,256,267,722,"3,286",2,169,201,193,563,"3,849",213.83,3,254,190,224,668,"4,517",215.09,2,189,191,158,538
8,TS,450,佐藤まさみ,42,右,ダイトースターレーン/ABS,29位,5,"5,019",24,209.12,"1,192",198.66,23,"1,188",198.00,40,"1,318",219.66,11,"1,321",220.16,4,247,236,211,694,"3,074",20,177,246,201,624,"3,698",205.44,20,214,216,257,687,"4,385",208.80,8,247,184,203,634
9,TS,558,坂倉 凜,50,右,カニエJAPAN・ｱｿﾋﾞｯｸｽ,11位,1(1),"5,002",24,208.41,"1,207",201.16,19,"1,258",209.66,17,"1,288",214.66,19,"1,249",208.16,14,246,201,177,624,"3,089",15,220,258,186,664,"3,753",208.50,9,186,193,218,597,"4,350",207.14,9,193,236,223,652
10,,490,大根谷 愛,45,右,Ｅ－ＢＯＷＬトマト西宮,24位,4,"4,999",24,208.29,"1,270",211.66,7,"1,198",199.66,37,"1,247",207.83,31,"1,284",214.00,8,214,157,236,607,"3,075",19,204,191,245,640,"3,715",206.38,15,193,215,217,625,"4,340",206.66,10,225,221,213,659
11,,578,キム･ソヒョン,52,右,フジ取手ボウル,63位,0,"4,959",24,206.62,"1,271",211.83,6,"1,219",203.16,30,"1,245",207.50,34,"1,224",204.00,17,224,218,158,600,"3,090",14,208,198,239,645,"3,735",207.50,12,191,156,210,557,"4,292",204.38,16,216,244,207,667
12,,540,倉田 萌,48,右,サッポロオリンピアボウル,27位,0,"4,932",24,205.50,"1,134",189.00,41,"1,285",214.16,12,"1,272",212.00,26,"1,241",206.83,16,215,196,224,635,"3,054",22,171,234,232,637,"3,691",205.05,22,207,212,205,624,"4,315",205.47,13,176,246,195,617
13,CS,587,今井 双葉,54,右,ＩＴカンファー(株)/ﾊｲ･ｽﾎﾟｰﾂ社,30位,2,"4,919",24,204.95,"1,264",210.66,9,"1,170",195.00,46,"1,286",214.33,20,"1,199",199.83,23,215,197,194,606,"3,040",24,215,207,258,680,"3,720",206.66,13,191,184,204,579,"4,299",204.71,15,203,245,172,620
14,,622,渡辺 莉央,56,右,ＩＴカンファー(株),61位,0,"4,908",24,204.50,"1,117",186.16,50,"1,253",208.83,21,"1,280",213.33,23,"1,258",209.66,12,257,192,200,649,"3,019",27,234,195,202,631,"3,650",202.77,28,179,172,224,575,"4,225",201.19,30,214,236,233,683
15,TS,384,松永 裕美,37,右,ＡＢＳ,39位,16,"4,905",24,204.37,"1,244",207.33,13,"1,247",207.83,23,"1,347",224.50,4,"1,067",177.83,63,267,206,178,651,"3,142",7,258,194,244,696,"3,838",213.22,5,160,132,201,493,"4,331",206.23,11,196,154,224,574
16,,515,坂倉にいな,47,右,カニエJAPAN・ｱｿﾋﾞｯｸｽ,19位,0,"4,902",24,204.25,"1,152",192.00,39,"1,252",208.66,22,"1,215",202.50,41,"1,283",213.83,9,258,181,188,627,"3,031",26,163,231,194,588,"3,619",201.05,33,209,182,245,636,"4,255",202.61,21,202,211,234,647
17,TS,568,越智 真南,51,右,平和島スターボウル/ABS,12位,0,"4,898",24,204.08,"1,164",194.00,35,"1,208",201.33,33,"1,216",202.66,40,"1,310",218.33,6,203,201,177,581,"2,953",43,204,183,248,635,"3,588",199.33,39,183,203,202,588,"4,176",198.85,38,251,248,223,722
18,TS,533,川﨑 由意,48,右,アイキョーボウル/ｻﾝﾌﾞﾘｯｼﾞ,20位,5,"4,897",24,204.04,"1,202",200.33,21,"1,243",207.16,24,"1,257",209.50,29,"1,195",199.16,27,213,198,192,603,"3,048",23,222,217,215,654,"3,702",205.66,19,194,181,204,579,"4,281",203.85,17,198,214,204,616
19,,570,本橋 優美,51,右,スターレーン,41位,0,"4,895",24,203.95,"1,214",202.33,17,"1,273",212.16,13,"1,217",202.83,38,"1,191",198.50,29,235,203,169,607,"3,094",12,220,222,168,610,"3,704",205.77,18,178,192,174,544,"4,248",202.28,23,190,200,257,647
20,TS,599,石田 万音,55,右,アルゴセブン/ ﾊｲ･ｽﾎﾟｰﾂ社,1位,8(3),"4,884",24,203.50,"1,122",187.00,47,"1,301",216.83,8,"1,216",202.66,39,"1,245",207.50,15,190,172,228,590,"3,013",31,222,195,209,626,"3,639",202.16,31,192,167,191,550,"4,189",199.47,36,236,215,244,695
21,,530,飯田 菜々,48,左,サンスクエアボウル,43位,0,"4,879",24,203.29,"1,246",207.66,12,"1,293",215.50,9,"1,147",191.16,68,"1,193",198.83,28,170,178,200,548,"3,087",16,203,210,186,599,"3,686",204.77,23,175,177,222,574,"4,260",202.85,20,167,173,279,619
22,TS,544,坂本 かや,49,右,永山コパボウル,8位,7(1),"4,870",24,202.91,"1,201",200.16,22,"1,169",194.83,47,"1,296",216.00,16,"1,204",200.66,22,216,236,182,634,"3,004",34,238,203,221,662,"3,666",203.66,26,193,172,186,551,"4,217",200.80,32,209,242,202,653
23,歴,409,吉川 朋絵,38,右,フリー/ｻﾝﾌﾞﾘｯｼﾞ,88位,4,"4,868",24,202.83,"1,049",174.83,66,"1,313",218.83,5,"1,285",214.16,21,"1,221",203.50,20,290,177,206,673,"3,035",25,190,223,199,612,"3,647",202.61,29,207,193,156,556,"4,203",200.14,34,204,213,248,665
24,,520,三浦 美里,47,右,ラウンドワンジャパン,40位,2,"4,865",24,202.70,"1,057",176.16,63,"1,261",210.16,15,"1,221",203.50,37,"1,326",221.00,2,201,223,195,619,"2,937",46,183,213,206,602,"3,539",196.61,47,215,226,248,689,"4,228",201.33,29,206,184,247,637
25,TS,365,名和 秋,35,右,(株)コロナワールド,23位,5,"4,864",24,202.66,"1,232",205.33,15,"1,227",204.50,27,"1,246",207.66,33,"1,159",193.16,35,242,192,215,649,"3,108",10,195,191,211,597,"3,705",205.83,17,245,211,160,616,"4,321",205.76,12,184,159,200,543
26,,618,崎山 穂花,56,右,タチバナボウル,55位,0,"4,864",24,202.66,"1,268",211.33,8,"1,304",217.33,6,"1,165",194.16,63,"1,127",187.83,52,195,193,170,558,"3,130",9,200,210,197,607,"3,737",207.61,11,170,199,175,544,"4,281",203.85,18,177,198,208,583
27,,614,川田 菜摘,56,右,フリー/ABS,36位,0,"4,846",24,201.91,"1,238",206.33,14,"1,258",209.66,18,"1,213",202.16,43,"1,137",189.50,43,168,218,203,589,"3,085",18,228,189,207,624,"3,709",206.05,16,145,173,209,527,"4,236",201.71,27,216,173,221,610
28,TS,526,久保田彩花,48,右,相模原パークレーンズ,3位,10(3),"4,846",24,201.91,"1,123",187.16,46,"1,195",199.16,38,"1,266",211.00,28,"1,262",210.33,11,215,238,207,660,"2,978",38,214,203,189,606,"3,584",199.11,40,224,220,242,686,"4,270",203.33,19,202,162,212,576
29,,543,松尾 星伽,49,右,ラウンドワンジャパン/ABS,32位,2,"4,839",24,201.62,"1,308",218.00,3,"1,172",195.33,45,"1,212",202.00,45,"1,147",191.16,39,229,194,191,614,"3,094",11,176,220,202,598,"3,692",205.11,21,149,205,204,558,"4,250",202.38,22,157,208,224,589
30,,584,原野 萌花,53,右,フラワーボウル,49位,1(1),"4,822",24,200.91,"1,055",175.83,64,"1,291",215.16,10,"1,338",223.00,8,"1,138",189.66,42,197,201,245,643,"2,989",37,203,225,267,695,"3,684",204.66,24,192,235,196,623,"4,307",205.09,14,170,180,165,515
31,,623,井﨑 寛菜,56,右,勝田パークボウル,34位,0,"4,820",24,200.83,"1,185",197.50,25,"1,257",209.50,19,"1,276",212.66,24,"1,102",183.66,56,174,237,239,650,"3,092",13,201,181,244,626,"3,718",206.55,14,157,181,160,498,"4,216",200.76,33,209,207,188,604
32,,616,太 琳華,56,右,フリー,45位,0,"4,813",24,200.54,"1,207",201.16,18,"1,320",220.00,3,"1,064",177.33,72,"1,222",203.66,18,193,161,185,539,"3,066",21,205,150,170,525,"3,591",199.50,38,248,188,206,642,"4,233",201.57,28,161,221,198,580
33,,463,岸田 有加,43,右,ＡＣＴエースレーン/STEEL SPORTS,22位,1,"4,759",24,198.29,"1,102",183.66,54,"1,189",198.16,39,"1,247",207.83,32,"1,221",203.50,19,190,180,229,599,"2,890",47,198,194,256,648,"3,538",196.55,48,225,234,163,622,"4,160",198.09,41,204,202,193,599
34,,494,桑藤 美樹,45,左,(株)スポルト/ABS,13位,3,"4,750",24,197.91,"1,134",189.00,43,"1,174",195.66,44,"1,347",224.50,5,"1,095",182.50,57,233,269,194,696,"3,004",35,202,256,193,651,"3,655",203.05,27,196,184,183,563,"4,218",200.85,31,182,181,169,532
35,歴,470,小林よしみ,43,右,イリスボウル,56位,1,"4,746",24,197.75,"1,161",193.50,36,"1,260",210.00,16,"1,170",195.00,59,"1,155",192.50,37,187,179,173,539,"2,960",42,189,230,212,631,"3,591",199.50,37,204,185,207,596,"4,187",199.38,37,205,178,176,559
36,TS,583,堀井 春花,53,左,Ｊ－Ｂｏｗｌ御坊,18位,3,"4,746",24,197.75,"1,164",194.00,34,"1,158",193.00,50,"1,346",224.33,6,"1,078",179.66,61,224,244,228,696,"3,018",29,203,182,265,650,"3,668",203.77,25,142,158,203,503,"4,171",198.61,40,183,193,199,575
37,,525,宇山 侑花,48,右,小嶺シティボウル/ABS,15位,1,"4,743",24,197.62,"1,182",197.00,27,"1,182",197.00,42,"1,194",199.00,52,"1,185",197.50,32,249,193,165,607,"2,971",40,181,209,197,587,"3,558",197.66,43,236,208,192,636,"4,194",199.71,35,165,195,189,549
38,,594,三上 彩奈,54,右,(株)Star Like/STAR LIKE BOWL,25位,0,"4,743",24,197.62,"1,217",202.83,16,"1,185",197.50,41,"1,205",200.83,49,"1,136",189.33,44,176,218,203,597,"2,999",36,185,224,199,608,"3,607",200.38,35,181,236,218,635,"4,242",202.00,24,181,138,182,501
39,,514,小久保実希,47,右,ジョイナスボウル/(株)ﾊｲ･ｽﾎﾟｰﾂ社,4位,0,"4,742",24,197.58,"1,170",195.00,31,"1,198",199.66,36,"1,186",197.66,55,"1,188",198.00,31,223,214,205,642,"3,010",32,190,186,168,544,"3,554",197.44,44,226,139,185,550,"4,104",195.42,45,190,248,200,638
40,TS,352,姫路 麗,33,右,フリー,6位,34(1),"4,742",24,197.58,"1,101",183.50,55,"1,238",206.33,26,"1,274",212.33,25,"1,129",188.16,50,198,268,214,680,"3,019",28,203,190,201,594,"3,613",200.72,34,182,199,157,538,"4,151",197.66,42,157,212,222,591
41,,626,後藤光々音,57,右,(株)サウンド･ストーリー/ｻﾝﾌﾞﾘｯｼﾞ,66位,0,"4,728",24,197.00,"1,157",192.83,38,"1,212",202.00,32,"1,271",211.83,27,"1,088",181.33,59,189,223,227,639,"3,008",33,230,213,189,632,"3,640",202.22,30,208,203,187,598,"4,238",201.80,26,180,171,139,490
42,TS,598,近藤 菜帆,55,右,ALSOK愛知株式会社,5位,3(1),"4,727",24,196.95,"1,036",172.66,69,"1,226",204.33,28,"1,160",193.33,64,"1,305",217.50,7,200,202,191,593,"2,855",52,213,176,178,567,"3,422",190.11,62,258,203,201,662,"4,084",194.47,46,236,215,192,643
43,,601,河村 怜奈,55,右,フリー,68位,0,"4,718",24,196.58,"1,284",214.00,5,"1,263",210.50,14,"1,195",199.16,51,976,162.66,71,195,233,205,633,"3,180",4,182,188,192,562,"3,742",207.88,10,199,132,167,498,"4,240",201.90,25,158,140,180,478
44,,557,水谷 若菜,50,右,フリー/フタバオンラインショップ,59位,0,"4,714",24,196.41,"1,161",193.50,37,"1,159",193.16,49,"1,306",217.66,14,"1,088",181.33,58,258,183,211,652,"2,972",39,193,236,225,654,"3,626",201.44,32,171,187,191,549,"4,175",198.80,39,199,157,183,539
45,,589,坂野ニイナ,54,右,ジョイナスボウル,72位,0,"4,709",24,196.20,"1,257",209.50,10,"1,090",181.66,64,"1,166",194.33,60,"1,196",199.33,25,199,146,248,593,"2,940",45,169,201,203,573,"3,513",195.16,51,172,238,196,606,"4,119",196.14,44,186,211,193,590
46,,459,森田 和紀,42,右,ForestBear,48位,0,"4,681",24,195.04,"1,073",178.83,58,"1,154",192.33,52,"1,334",222.33,9,"1,120",186.66,53,221,182,193,596,"2,823",58,214,256,268,738,"3,561",197.83,42,179,168,159,506,"4,067",193.66,49,182,197,235,614
47,永久,173,時本美津子,7,右,相模原パークレーンズ,126位,35,"4,679",24,194.95,"1,046",174.33,67,"1,113",185.50,61,"1,321",220.16,10,"1,199",199.83,24,244,189,216,649,"2,808",60,269,228,175,672,"3,480",193.33,53,159,191,188,538,"4,018",191.33,56,213,235,213,661
48,,469,安藤 瞳,43,右,東名ボール,53位,0,"4,674",24,194.75,"1,164",194.00,33,"1,167",194.50,48,"1,211",201.83,47,"1,132",188.66,47,194,197,225,616,"2,947",44,223,201,171,595,"3,542",196.77,45,191,233,177,601,"4,143",197.28,43,193,181,157,531
49,,523,内藤真裕実,48,右,フリー/ｻﾝﾌﾞﾘｯｼﾞ,33位,2,"4,665",24,194.37,"1,106",184.33,52,"1,285",214.16,11,"1,213",202.16,44,"1,061",176.83,66,200,197,181,578,"2,969",41,209,225,201,635,"3,604",200.22,36,167,172,133,472,"4,076",194.09,48,195,213,181,589
50,TS,613,秋吉 夕紀,56,右,スターレーン,38位,0,"4,664",24,194.33,"1,119",186.50,49,"1,154",192.33,53,"1,249",208.16,30,"1,142",190.33,41,204,182,204,590,"2,863",50,210,203,246,659,"3,522",195.66,50,159,216,156,531,"4,053",193.00,51,183,256,172,611
51,,617,安田明香里,56,右,東興鉛鉄工業(株),42位,0,"4,643",24,193.45,"1,069",178.16,59,"1,372",228.66,1,"1,129",188.16,69,"1,073",178.83,62,177,235,165,577,"3,018",30,179,158,215,552,"3,570",198.33,41,159,132,158,449,"4,019",191.38,55,234,215,175,624
52,,555,大坪菜摘美,49,右,フリー,71位,0,"4,625",24,192.70,"1,126",187.66,45,"1,118",186.33,60,"1,203",200.50,50,"1,178",196.33,33,194,214,196,604,"2,848",54,194,199,206,599,"3,447",191.50,57,125,189,231,545,"3,992",190.09,60,216,214,203,633
53,,537,岩見 彩乃,48,右,ＩＴカンファー(株)/ｻﾝﾌﾞﾘｯｼﾞ,31位,0,"4,613",24,192.20,"1,121",186.83,48,"1,199",199.83,35,"1,166",194.33,61,"1,127",187.83,51,174,223,151,548,"2,868",48,180,180,258,618,"3,486",193.66,52,195,175,183,553,"4,039",192.33,53,192,201,181,574
54,,560,大久保咲桜,50,右,ボウリング王国スポルト横須賀店,50位,0,"4,609",24,192.04,"1,205",200.83,20,"1,126",187.66,58,"1,211",201.83,48,"1,067",177.83,64,161,190,180,531,"2,862",51,241,203,236,680,"3,542",196.77,46,136,158,164,458,"4,000",190.47,59,180,190,239,609
55,歴,588,土屋 佑佳,54,右,相模ファーストレーン,57位,1,"4,594",24,191.41,"1,104",184.00,53,"1,156",192.66,51,"1,215",202.50,42,"1,119",186.50,54,200,157,216,573,"2,833",56,215,220,207,642,"3,475",193.05,54,222,187,180,589,"4,064",193.52,50,180,173,177,530
56,,441,平野 志帆,41,右,フリー,79位,0,"4,593",24,191.37,"1,114",185.66,51,"1,138",189.66,57,"1,186",197.66,54,"1,155",192.50,36,145,194,210,549,"2,801",63,242,190,205,637,"3,438",191.00,59,182,182,214,578,"4,016",191.23,57,169,183,225,577
57,,499,本間由佳梨,46,右,フリー,51位,1,"4,591",24,191.29,"1,063",177.16,61,"1,243",207.16,25,"1,156",192.66,66,"1,129",188.16,49,191,168,184,543,"2,849",53,237,195,181,613,"3,462",192.33,55,173,222,183,578,"4,040",192.38,52,193,171,187,551
58,,603,緒方 彩音,55,右,(株)ｺﾛﾅﾜｰﾙﾄﾞ / (株)ﾎﾞｳﾙｽﾀｰ,16位,0,"4,579",24,190.79,"1,191",198.50,24,923,153.83,72,"1,318",219.66,12,"1,147",191.16,38,214,190,189,593,"2,707",69,211,255,259,725,"3,432",190.66,60,159,204,219,582,"4,014",191.14,58,196,170,199,565
59,,486,田中 亜実,44,右,フリー,44位,1,"4,570",24,190.41,"1,076",179.33,57,"1,151",191.83,56,"1,092",182.00,71,"1,251",208.50,13,181,183,157,521,"2,748",67,195,172,204,571,"3,319",184.38,70,179,206,259,644,"3,963",188.71,61,206,214,187,607
60,CS,223,長縄多禧子,21,右,スターレーン/ｻﾝﾌﾞﾘｯｼﾞ,54位,2,"4,559",24,189.95,"1,172",195.33,30,"1,046",174.33,69,"1,307",217.83,13,"1,034",172.33,69,212,213,224,649,"2,867",49,238,212,208,658,"3,525",195.83,49,217,172,167,556,"4,081",194.33,47,133,170,175,478
61,CS,586,幸木百合菜,53,左,相模原パークレーンズ,9位,2,"4,537",24,189.04,"1,020",170.00,70,"1,153",192.16,54,"1,176",196.00,57,"1,188",198.00,30,225,228,182,635,"2,808",61,169,194,178,541,"3,349",186.05,67,160,234,213,607,"3,956",188.38,62,182,219,180,581
62,,493,櫻井眞利子,45,右,フリー,64位,0,"4,528",24,188.66,991,165.16,71,"1,181",196.83,43,"1,212",202.00,46,"1,144",190.66,40,217,156,182,555,"2,727",68,228,198,231,657,"3,384",188.00,65,191,177,183,551,"3,935",187.38,65,172,226,195,593
63,,451,望月 理江,42,右,ラウンドワンジャパン/ﾊｲ･ｽﾎﾟｰﾂ社,62位,0,"4,528",24,188.66,"1,141",190.16,40,"1,086",181.00,66,"1,166",194.33,62,"1,135",189.16,45,169,185,190,544,"2,771",65,247,164,211,622,"3,393",188.50,64,193,155,120,468,"3,861",183.85,70,223,239,205,667
64,,596,竹山 亜希,54,右,フリー/ｻﾝﾌﾞﾘｯｼﾞ,69位,0,"4,505",24,187.70,"1,067",177.83,60,"1,221",203.50,29,"1,172",195.33,58,"1,045",174.16,68,183,178,199,560,"2,848",55,244,226,142,612,"3,460",192.22,56,186,126,176,488,"3,948",188.00,64,188,169,200,557
65,,569,前土佐 澪,51,右,フリー,67位,0,"4,503",24,187.62,"1,129",188.16,44,"1,125",187.50,59,"1,185",197.50,56,"1,064",177.33,65,172,151,210,533,"2,787",64,239,255,158,652,"3,439",191.05,58,204,192,189,585,"4,024",191.61,54,159,155,165,479
66,,612,徳田 有紀,55,右,フリー,80位,0,"4,482",24,186.75,989,164.83,72,"1,089",181.50,65,"1,296",216.00,17,"1,108",184.66,55,179,171,222,572,"2,650",72,256,212,256,724,"3,374",187.44,66,182,192,173,547,"3,921",186.71,66,178,202,181,561
67,,478,小林あゆみ,44,左,eスポフィールド･ﾄﾐｺｼ高島平ﾎﾞｳﾙ,47位,3,"4,478",24,186.58,"1,134",189.00,42,"1,069",178.16,68,"1,222",203.66,36,"1,053",175.50,67,188,190,221,599,"2,802",62,221,165,237,623,"3,425",190.27,61,146,202,182,530,"3,955",188.33,63,216,139,168,523
68,,528,浅田 梨奈,48,右,スターレーン,83位,0,"4,462",24,185.91,"1,168",194.66,32,"1,014",169.00,71,"1,148",191.33,67,"1,132",188.66,46,179,244,214,637,"2,819",59,175,177,159,511,"3,330",185.00,68,190,161,190,541,"3,871",184.33,68,213,173,205,591
69,歴,372,板倉奈智美,36,右,ﾋｻｶﾌﾟﾛｼｮｯﾌﾟ/ﾊｲ･ｽﾎﾟｰﾂ社,35位,7,"4,439",24,184.95,"1,053",175.50,65,"1,070",178.33,67,"1,186",197.66,53,"1,130",188.33,48,203,199,173,575,"2,698",70,181,224,206,611,"3,309",183.83,72,210,166,183,559,"3,868",184.19,69,214,145,212,571
70,,475,舟本 舞,44,右,(株)グランドボウル,70位,0,"4,394",24,183.08,"1,043",173.83,68,"1,109",184.83,62,"1,159",193.16,65,"1,083",180.50,60,233,185,191,609,"2,761",66,205,179,166,550,"3,311",183.94,71,169,185,176,530,"3,841",182.90,71,202,172,179,553
71,,553,廣澤 一美,49,右,(株)ＬＴＢ/ﾄﾐｺｼ高島平ﾎﾞｳﾙ,77位,0,"4,361",24,181.70,"1,058",176.33,62,"1,040",173.33,70,"1,230",205.00,35,"1,033",172.16,70,178,151,232,561,"2,659",71,257,224,188,669,"3,328",184.88,69,175,146,166,487,"3,815",181.66,72,162,206,178,546
72,,467,白石 順子,43,右,(株)サウンド･ストーリー,76位,0,"4,344",24,181.00,"1,085",180.83,56,"1,216",202.66,31,"1,099",183.16,70,944,157.33,72,148,197,181,526,"2,827",57,191,195,187,573,"3,400",188.88,63,158,167,159,484,"3,884",184.95,67,178,158,124,460
