順位,Aシフト順位,Bシフト順位,ライセンスNo,氏名,期,投,所属/用品契約,予選10GT/PIN,AVG,1G2G3G4G5G,前半5GT/PIN,AVG,順位,6G7G8G9G10G,後半5GT/PIN,AVG,gender,1G,2G,3G,4G,5G,6G,7G,8G,9G,10G,ライセンス種別,ライセンス番号,シフト
1,,1,S 582,中島 瑞葵,53,右,フリー/ABS,"2,306",230.60,218 268 255 235 274,"1,250",250.00,1,185 220 228 225 198,"1,056",211.20,2,218,268,255,235,274,185,220,228,225,198,S,582,B
2,1,,S 559,霜出 佳奈,50,右,サンスクエアボウル/ﾊｲ･ｽﾎﾟｰﾂ社,"2,270",227.00,215 246 247 223 238,"1,169",233.80,3,234 210 210 215 232,"1,101",220.20,2,215,246,247,223,238,234,210,210,215,232,S,559,A
3,2,,603,緒方 彩音,55,右,(株)ｺﾛﾅﾜｰﾙﾄﾞ / (株)ﾎﾞｳﾙｽﾀｰ,"2,258",225.80,276 247 221 236 221,"1,201",240.20,2,247 192 229 196 193,"1,057",211.40,2,276,247,221,236,221,247,192,229,196,193,,603,A
4,,2,S 598,近藤 菜帆,55,右,ALSOK愛知株式会社,"2,236",223.60,200 245 201 237 202,"1,085",217.00,15,230 235 225 238 223,"1,151",230.20,2,200,245,201,237,202,230,235,225,238,223,S,598,B
5,3,,S 364,丹羽由香梨,35,右,カニエJAPAN・ｱｿﾋﾞｯｸｽ,"2,196",219.60,179 258 214 232 232,"1,115",223.00,9,236 217 211 174 243,"1,081",216.20,2,179,258,214,232,232,236,217,211,174,243,S,364,A
6,4,,CS 586,幸木百合菜,53,左,相模原パークレーンズ,"2,192",219.20,212 220 166 223 187,"1,008",201.60,44,232 266 237 233 216,"1,184",236.80,2,212,220,166,223,187,232,266,237,233,216,CS,586,A
7,,3,CS 507,寺下 智香,47,右,神戸六甲ボウル/ｻﾝﾌﾞﾘｯｼﾞ,"2,183",218.30,244 239 279 204 188,"1,154",230.80,5,213 183 194 228 211,"1,029",205.80,2,244,239,279,204,188,213,183,194,228,211,CS,507,B
8,,4,494,桑藤 美樹,45,左,(株)スポルト/ABS,"2,177",217.70,197 248 193 179 183,"1,000",200.00,47,224 226 245 224 258,"1,177",235.40,2,197,248,193,179,183,224,226,245,224,258,,494,B
9,,5,S 533,川﨑 由意,48,右,アイキョーボウル/ｻﾝﾌﾞﾘｯｼﾞ,"2,176",217.60,172 180 203 277 237,"1,069",213.80,17,221 266 191 223 206,"1,107",221.40,2,172,180,203,277,237,221,266,191,223,206,S,533,B
10,,6,S 600,金子 萌夏,55,右,相模原パークレーンズ,"2,173",217.30,234 216 207 255 217,"1,129",225.80,7,159 220 238 223 204,"1,044",208.80,2,234,216,207,255,217,159,220,238,223,204,S,600,B
11,5,,525,宇山 侑花,48,右,小嶺シティボウル/ABS,"2,159",215.90,238 213 153 186 223,"1,013",202.60,42,280 207 215 211 233,"1,146",229.20,2,238,213,153,186,223,280,207,215,211,233,,525,A
12,,7,514,小久保実希,47,右,ジョイナスボウル/(株)ﾊｲ･ｽﾎﾟｰﾂ社,"2,153",215.30,191 247 214 192 204,"1,048",209.60,21,223 217 226 245 194,"1,105",221.00,2,191,247,214,192,204,223,217,226,245,194,,514,B
13,,8,463,岸田 有加,43,右,ＡＣＴエースレーン/STEEL SPORTS,"2,152",215.20,236 250 174 178 198,"1,036",207.20,29,202 189 225 256 244,"1,116",223.20,2,236,250,174,178,198,202,189,225,256,244,,463,B
14,6,,490,大根谷 愛,45,右,Ｅ－ＢＯＷＬトマト西宮,"2,139",213.90,269 247 234 187 201,"1,138",227.60,6,155 248 183 202 213,"1,001",200.20,2,269,247,234,187,201,155,248,183,202,213,,490,A
15,7,,611,新舎菜々美,55,右,コスモレーン貝塚,"2,133",213.30,233 206 269 214 235,"1,157",231.40,4,171 180 204 230 191,976,195.20,2,233,206,269,214,235,171,180,204,230,191,,611,A
16,,9,469,安藤 瞳,43,右,東名ボール,"2,121",212.10,268 207 160 205 215,"1,055",211.00,20,237 214 185 187 243,"1,066",213.20,2,268,207,160,205,215,237,214,185,187,243,,469,B
17,,10,515,坂倉にいな,47,右,カニエJAPAN・ｱｿﾋﾞｯｸｽ,"2,118",211.80,225 184 196 225 256,"1,086",217.20,14,191 169 247 224 201,"1,032",206.40,2,225,184,196,225,256,191,169,247,224,201,,515,B
18,,11,☆アマ,髙田 真帆,選手,右,(江の島ボウリングセンター),"2,114",211.40,203 202 184 223 223,"1,035",207.00,30,201 200 207 248 223,"1,079",215.80,2,203,202,184,223,223,201,200,207,248,223,☆アマ,,B
19,,12,S 352,姫路 麗,33,右,フリー,"2,112",211.20,222 198 236 185 216,"1,057",211.40,19,268 234 199 170 184,"1,055",211.00,2,222,198,236,185,216,268,234,199,170,184,S,352,B
20,,13,S 568,越智 真南,51,右,平和島スターボウル/ABS,"2,111",211.10,216 225 158 210 170,979,195.80,60,248 265 214 203 202,"1,132",226.40,2,216,225,158,210,170,248,265,214,203,202,S,568,B
21,,14,584,原野 萌花,53,右,フラワーボウル,"2,102",210.20,175 237 168 245 190,"1,015",203.00,40,246 182 202 224 233,"1,087",217.40,2,175,237,168,245,190,246,182,202,224,233,,584,B
22,8,,S 599,石田 万音,55,右,アルゴセブン/ ﾊｲ･ｽﾎﾟｰﾂ社,"2,079",207.90,162 246 257 227 169,"1,061",212.20,18,188 180 191 213 246,"1,018",203.60,2,162,246,257,227,169,188,180,191,213,246,S,599,A
23,9,,543,松尾 星伽,49,右,ラウンドワンジャパン/ABS,"2,079",207.90,170 204 255 180 177,986,197.20,54,206 265 183 227 212,"1,093",218.60,2,170,204,255,180,177,206,265,183,227,212,,543,A
24,10,,☆アマ,澤野 澪,選手,右,(ラウンドワン京都伏見店),"2,078",207.80,216 159 226 246 188,"1,035",207.00,31,159 247 195 227 215,"1,043",208.60,2,216,159,226,246,188,159,247,195,227,215,☆アマ,,A
25,11,,S 526,久保田彩花,48,右,相模原パークレーンズ,"2,069",206.90,223 189 180 217 237,"1,046",209.20,23,185 167 212 255 204,"1,023",204.60,2,223,189,180,217,237,185,167,212,255,204,S,526,A
26,,15,540,倉田 萌,48,右,サッポロオリンピアボウル,"2,067",206.70,203 175 232 247 266,"1,123",224.60,8,223 215 155 172 179,944,188.80,2,203,175,232,247,266,223,215,155,172,179,,540,B
27,12,,530,飯田 菜々,48,左,サンスクエアボウル,"2,060",206.00,234 190 160 245 259,"1,088",217.60,12,210 167 173 225 197,972,194.40,2,234,190,160,245,259,210,167,173,225,197,,530,A
28,13,,523,内藤真裕実,48,右,フリー/ｻﾝﾌﾞﾘｯｼﾞ,"2,058",205.80,205 245 193 174 213,"1,030",206.00,35,216 163 192 225 232,"1,028",205.60,2,205,245,193,174,213,216,163,192,225,232,,523,A
29,,16,594,三上 彩奈,54,右,(株)Star Like/STAR LIKE BOWL,"2,043",204.30,179 199 222 245 188,"1,033",206.60,32,186 200 192 222 210,"1,010",202.00,2,179,199,222,245,188,186,200,192,222,210,,594,B
30,,17,572,チョン･ヨンヒャン,51,右,エナジックボウル美浜,"2,043",204.30,202 158 246 189 182,977,195.40,61,194 255 216 173 228,"1,066",213.20,2,202,158,246,189,182,194,255,216,173,228,,572,B
31,,18,☆アマ,中村 華世,選手,右,(J-BOWL御坊),"2,043",204.30,194 201 217 215 278,"1,105",221.00,10,200 227 163 180 168,938,187.60,2,194,201,217,215,278,200,227,163,180,168,☆アマ,,B
32,,19,S 365,名和 秋,35,右,(株)コロナワールド,"2,041",204.10,228 230 190 166 165,979,195.80,59,201 185 252 201 223,"1,062",212.40,2,228,230,190,166,165,201,185,252,201,223,S,365,B
33,,20,409,吉川 朋絵,38,右,フリー/ｻﾝﾌﾞﾘｯｼﾞ,"2,039",203.90,226 193 212 194 182,"1,007",201.40,45,220 174 235 237 166,"1,032",206.40,2,226,193,212,194,182,220,174,235,237,166,,409,B
34,14,,451,望月 理江,42,右,ラウンドワンジャパン/ﾊｲ･ｽﾎﾟｰﾂ社,"2,038",203.80,158 228 257 157 199,999,199.80,48,204 200 259 166 210,"1,039",207.80,2,158,228,257,157,199,204,200,259,166,210,,451,A
35,15,,歴C 546,星野 恵梨,49,右,ＡＣグランド,"2,038",203.80,248 216 203 217 203,"1,087",217.40,13,181 192 211 182 185,951,190.20,2,248,216,203,217,203,181,192,211,182,185,歴C,546,A
36,16,,S 613,秋吉 夕紀,56,右,スターレーン,"2,020",202.00,214 149 182 213 193,951,190.20,68,199 214 212 257 187,"1,069",213.80,2,214,149,182,213,193,199,214,212,257,187,S,613,A
37,,21,372,板倉奈智美,36,右,ﾋｻｶﾌﾟﾛｼｮｯﾌﾟ/ﾊｲ･ｽﾎﾟｰﾂ社,"2,016",201.60,185 190 209 197 251,"1,032",206.40,33,213 195 159 234 183,984,196.80,2,185,190,209,197,251,213,195,159,234,183,,372,B
38,,22,☆アマ,中村 心,選手,右,(鈴鹿グランドボウル),"2,014",201.40,221 202 200 154 218,995,199.00,51,233 201 182 209 194,"1,019",203.80,2,221,202,200,154,218,233,201,182,209,194,☆アマ,,B
39,,23,521,秋光 楓,47,右,(株)StarLike/ｱｲﾋﾞｰﾎﾞｳﾙ越谷,"2,005",200.50,171 169 178 189 229,936,187.20,78,244 216 191 224 194,"1,069",213.80,2,171,169,178,189,229,244,216,191,224,194,,521,B
40,17,,528,浅田 梨奈,48,右,スターレーン,"1,999",199.90,267 233 189 179 216,"1,084",216.80,16,202 189 193 173 158,915,183.00,2,267,233,189,179,216,202,189,193,173,158,,528,A
41,,24,☆アマ,梶田 愛子,選手,右両手,(東名ボール),"1,996",199.60,174 203 209 190 224,"1,000",200.00,46,214 167 174 173 268,996,199.20,2,174,203,209,190,224,214,167,174,173,268,☆アマ,,B
42,18,,☆アマ,渡辺 希哩,選手,右,(ｽﾃｰｼｮﾝﾎﾞｳﾙ新田辺),"1,996",199.60,213 218 173 175 258,"1,037",207.40,28,172 178 171 213 225,959,191.80,2,213,218,173,175,258,172,178,171,213,225,☆アマ,,A
43,,25,推 268,酒井 美佳,25,右,フリー,"1,992",199.20,200 159 190 216 182,947,189.40,70,239 221 213 175 197,"1,045",209.00,2,200,159,190,216,182,239,221,213,175,197,推,268,B
44,19,,585,清水 弘子,53,左,フリー,"1,988",198.80,206 178 227 224 183,"1,018",203.60,39,213 171 200 217 169,970,194.00,2,206,178,227,224,183,213,171,200,217,169,,585,A
45,,26,330,川口富美恵,32,右,パピオボウル,"1,988",198.80,180 160 181 183 193,897,179.40,93,219 232 212 213 215,"1,091",218.20,2,180,160,181,183,193,219,232,212,213,215,,330,B
46,20,,570,本橋 優美,51,右,スターレーン,"1,984",198.40,243 224 176 212 192,"1,047",209.40,22,189 209 145 205 189,937,187.40,2,243,224,176,212,192,189,209,145,205,189,,570,A
47,21,,S 450,佐藤まさみ,42,右,ダイトースターレーン/ABS,"1,983",198.30,174 152 222 223 192,963,192.60,65,235 185 179 193 228,"1,020",204.00,2,174,152,222,223,192,235,185,179,193,228,S,450,A
48,,27,601,河村 怜奈,55,右,フリー,"1,982",198.20,220 203 217 205 179,"1,024",204.80,37,177 168 203 195 215,958,191.60,2,220,203,217,205,179,177,168,203,195,215,,601,B
49,,28,推 596,竹山 亜希,54,右,フリー/ｻﾝﾌﾞﾘｯｼﾞ,"1,981",198.10,160 179 214 225 147,925,185.00,85,193 214 209 195 245,"1,056",211.20,2,160,179,214,225,147,193,214,209,195,245,推,596,B
50,22,,CS 223,長縄多禧子,21,右,スターレーン/ｻﾝﾌﾞﾘｯｼﾞ,"1,980",198.00,182 237 229 194 179,"1,021",204.20,38,187 162 202 192 216,959,191.80,2,182,237,229,194,179,187,162,202,192,216,CS,223,A
51,,29,S 544,坂本 かや,49,右,永山コパボウル,"1,979",197.90,170 198 151 203 189,911,182.20,89,195 217 240 234 182,"1,068",213.60,2,170,198,151,203,189,195,217,240,234,182,S,544,B
52,23,,441,平野 志帆,41,右,フリー,"1,975",197.50,191 212 213 235 193,"1,044",208.80,25,170 220 181 210 150,931,186.20,2,191,212,213,235,193,170,220,181,210,150,,441,A
53,,30,557,水谷 若菜,50,右,フリー/フタバオンラインショップ,"1,974",197.40,182 257 213 176 169,997,199.40,50,200 227 192 173 185,977,195.40,2,182,257,213,176,169,200,227,192,173,185,,557,B
54,24,,623,井﨑 寛菜,56,右,勝田パークボウル,"1,973",197.30,211 215 207 234 171,"1,038",207.60,27,182 216 168 180 189,935,187.00,2,211,215,207,234,171,182,216,168,180,189,,623,A
55,25,,S 558,坂倉 凜,50,右,カニエJAPAN・ｱｿﾋﾞｯｸｽ,"1,972",197.20,205 195 186 151 206,943,188.60,75,268 193 184 192 192,"1,029",205.80,2,205,195,186,151,206,268,193,184,192,192,S,558,A
56,26,,616,太 琳華,56,右,フリー,"1,971",197.10,217 223 190 209 205,"1,044",208.80,24,200 179 197 157 194,927,185.40,2,217,223,190,209,205,200,179,197,157,194,,616,A
57,27,,615,野仲 美咲,56,右,ココレーン,"1,968",196.80,268 204 205 187 179,"1,043",208.60,26,221 190 145 188 181,925,185.00,2,268,204,205,187,179,221,190,145,188,181,,615,A
58,28,,S 384,松永 裕美,37,右,ＡＢＳ,"1,967",196.70,202 192 171 197 196,958,191.60,66,195 214 255 204 141,"1,009",201.80,2,202,192,171,197,196,195,214,255,204,141,S,384,A
59,29,,☆アマ,池口 凪沙,選手,右,(ＭＫボウル上賀茂),"1,959",195.90,160 246 167 203 256,"1,032",206.40,34,184 193 184 188 178,927,185.40,2,160,246,167,203,256,184,193,184,188,178,☆アマ,,A
60,30,,T 626,後藤光々音,57,右,(株)サウンド･ストーリー/ｻﾝﾌﾞﾘｯｼﾞ,"1,956",195.60,191 201 202 182 204,980,196.00,57,165 237 182 224 168,976,195.20,2,191,201,202,182,204,165,237,182,224,168,T,626,A
61,,31,☆アマ,髙本 聖菜,選手,右,(半田グランドボウル),"1,955",195.50,258 171 171 148 196,944,188.80,74,176 228 201 225 181,"1,011",202.20,2,258,171,171,148,196,176,228,201,225,181,☆アマ,,B
62,31,,614,川田 菜摘,56,右,フリー/ABS,"1,952",195.20,223 178 136 239 212,988,197.60,52,203 184 214 192 171,964,192.80,2,223,178,136,239,212,203,184,214,192,171,,614,A
63,,32,509,前屋 瑠美,47,右,フリー,"1,950",195.00,196 182 189 225 188,980,196.00,58,226 204 147 208 185,970,194.00,2,196,182,189,225,188,226,204,147,208,185,,509,B
64,,33,475,舟本 舞,44,右,(株)グランドボウル,"1,949",194.90,246 203 233 195 221,"1,098",219.60,11,135 211 138 211 156,851,170.20,2,246,203,233,195,221,135,211,138,211,156,,475,B
65,32,,553,廣澤 一美,49,右,(株)ＬＴＢ/ﾄﾐｺｼ高島平ﾎﾞｳﾙ,"1,947",194.70,214 205 224 181 173,997,199.40,49,183 221 142 216 188,950,190.00,2,214,205,224,181,173,183,221,142,216,188,,553,A
66,33,,560,大久保咲桜,50,右,ボウリング王国スポルト横須賀店,"1,945",194.50,236 168 187 225 159,975,195.00,62,178 178 201 170 243,970,194.00,2,236,168,187,225,159,178,178,201,170,243,,560,A
67,,34,386,北田真紀子,37,右,フリー,"1,943",194.30,188 159 157 186 199,889,177.80,94,209 175 222 248 200,"1,054",210.80,2,188,159,157,186,199,209,175,222,248,200,,386,B
68,34,,☆アマ,森下 結,選手,右,(アルプラザ亀岡店),"1,935",193.50,191 177 216 235 167,986,197.20,53,155 213 199 203 179,949,189.80,2,191,177,216,235,167,155,213,199,203,179,☆アマ,,A
69,,35,606,田中 美佳,55,右,北小金ボウル,"1,931",193.10,163 195 200 215 172,945,189.00,73,192 226 186 189 193,986,197.20,2,163,195,200,215,172,192,226,186,189,193,,606,B
70,,36,561,髙橋 美穂,50,右,akafoo BOWL,"1,930",193.00,225 198 208 179 175,985,197.00,55,181 178 213 196 177,945,189.00,2,225,198,208,179,175,181,178,213,196,177,,561,B
71,,37,294,宮田 澄子,28,右,フリー,"1,930",193.00,201 189 192 257 190,"1,029",205.80,36,226 160 159 154 202,901,180.20,2,201,189,192,257,190,226,160,159,154,202,,294,B
72,35,,推 569,前土佐 澪,51,右,フリー,"1,929",192.90,221 157 158 211 162,909,181.80,90,218 177 212 203 210,"1,020",204.00,2,221,157,158,211,162,218,177,212,203,210,推,569,A
73,,38,CS 587,今井 双葉,54,右,ＩＴカンファー(株)/ﾊｲ･ｽﾎﾟｰﾂ社,"1,919",191.90,188 170 225 172 182,937,187.40,77,244 195 225 137 181,982,196.40,2,188,170,225,172,182,244,195,225,137,181,CS,587,B
74,,39,520,三浦 美里,47,右,ラウンドワンジャパン,"1,917",191.70,185 213 207 170 170,945,189.00,72,192 213 149 246 172,972,194.40,2,185,213,207,170,170,192,213,149,246,172,,520,B
75,36,,S 583,堀井 春花,53,左,Ｊ－Ｂｏｗｌ御坊,"1,910",191.00,189 204 186 212 223,"1,014",202.80,41,174 191 201 148 182,896,179.20,2,189,204,186,212,223,174,191,201,148,182,S,583,A
76,37,,486,田中 亜実,44,右,フリー,"1,909",190.90,183 204 169 212 148,916,183.20,88,208 208 224 165 188,993,198.60,2,183,204,169,212,148,208,208,224,165,188,,486,A
77,38,,歴C 369,堂元 美佐,35,右,D-ROADⅣ,"1,905",190.50,215 143 185 210 219,972,194.40,63,135 213 203 202 180,933,186.60,2,215,143,185,210,219,135,213,203,202,180,歴C,369,A
78,,40,617,安田明香里,56,右,東興鉛鉄工業(株),"1,904",190.40,116 181 172 191 189,849,169.80,109,182 216 225 207 225,"1,055",211.00,2,116,181,172,191,189,182,216,225,207,225,,617,B
79,,41,☆アマ,藤林 華音,選手,右,(八尾ボウルアロー),"1,903",190.30,224 173 221 202 165,985,197.00,56,154 224 201 152 187,918,183.60,2,224,173,221,202,165,154,224,201,152,187,☆アマ,,B
80,,42,499,本間由佳梨,46,右,フリー,"1,899",189.90,206 167 181 202 176,932,186.40,80,199 158 182 199 229,967,193.40,2,206,167,181,202,176,199,158,182,199,229,,499,B
81,39,,581,尾上 萌楓,52,右,下関ロイヤルボウル/ｻﾝﾌﾞﾘｯｼﾞ,"1,881",188.10,182 170 196 217 204,969,193.80,64,168 194 194 193 163,912,182.40,2,182,170,196,217,204,168,194,194,193,163,,581,A
82,,43,☆アマ,鈴木 サラ,選手,左,（立川スターレーン),"1,878",187.80,153 201 158 210 204,926,185.20,84,210 190 186 167 199,952,190.40,2,153,201,158,210,204,210,190,186,167,199,☆アマ,,B
83,,44,JS 588,土屋 佑佳,54,右,相模ファーストレーン,"1,876",187.60,181 204 181 213 173,952,190.40,67,193 177 212 155 187,924,184.80,2,181,204,181,213,173,193,177,212,155,187,JS,588,B
84,40,,☆アマ,藤原 彩花,選手,右,(ラピュタボウル宇治東),"1,874",187.40,224 169 202 208 144,947,189.40,71,175 178 182 199 193,927,185.40,2,224,169,202,208,144,175,178,182,199,193,☆アマ,,A
85,,45,627,川口 茉紀,57,右,クァトロブーム,"1,865",186.50,194 225 160 213 150,942,188.40,76,192 198 181 170 182,923,184.60,2,194,225,160,213,150,192,198,181,170,182,,627,B
86,41,,459,森田 和紀,42,右,ForestBear,"1,859",185.90,184 164 217 187 176,928,185.60,82,182 200 203 191 155,931,186.20,2,184,164,217,187,176,182,200,203,191,155,,459,A
87,,46,536,殿井ニラワティ,48,右,蒲田ＩＭＯＮボウル,"1,845",184.50,156 212 143 215 198,924,184.80,86,182 156 223 187 173,921,184.20,2,156,212,143,215,198,182,156,223,187,173,,536,B
88,,47,634,根本 遥,57,左,(株)タイトー,"1,841",184.10,148 178 211 229 165,931,186.20,81,190 179 192 148 201,910,182.00,2,148,178,211,229,165,190,179,192,148,201,,634,B
89,,48,537,岩見 彩乃,48,右,アイキョーボウル/ｻﾝﾌﾞﾘｯｼﾞ,"1,838",183.80,201 162 162 177 172,874,174.80,102,175 209 226 176 178,964,192.80,2,201,162,162,177,172,175,209,226,176,178,,537,B
90,,49,☆アマ,安里 紗希,選手,右,(和歌山グランドボウル),"1,830",183.00,200 166 168 191 175,900,180.00,91,168 180 178 189 215,930,186.00,2,200,166,168,191,175,168,180,178,189,215,☆アマ,,B
91,42,,☆アマ,森下 美紀,選手,右,(アルプラザ亀岡店),"1,830",183.00,187 191 168 162 178,886,177.20,97,232 156 157 197 202,944,188.80,2,187,191,168,162,178,232,156,157,197,202,☆アマ,,A
92,,50,☆アマ,有川 美也,選手,右,(ＭＫボウル上賀茂),"1,827",182.70,142 175 189 177 180,863,172.60,104,214 204 189 174 183,964,192.80,2,142,175,189,177,180,214,204,189,174,183,☆アマ,,B
93,,51,470,小林よしみ,43,右,イリスボウル,"1,824",182.40,178 204 188 159 158,887,177.40,96,203 191 203 167 173,937,187.40,2,178,204,188,159,158,203,191,203,167,173,,470,B
94,43,,371,藤田 麻衣,35,右,伊勢原ﾎﾞｳﾘﾝｸﾞｾﾝﾀｰ,"1,824",182.40,177 176 155 201 176,885,177.00,98,203 196 166 180 194,939,187.80,2,177,176,155,201,176,203,196,166,180,194,,371,A
95,44,,513,鶴井 亜南,47,左,"N&KCo.,Ltd./ABS","1,822",182.20,171 167 181 153 181,853,170.60,108,195 196 216 171 191,969,193.80,2,171,167,181,153,181,195,196,216,171,191,,513,A
96,,52,478,小林あゆみ,44,左,eスポフィールド･ﾄﾐｺｼ高島平ﾎﾞｳﾙ,"1,818",181.80,157 183 185 213 179,917,183.40,87,193 213 158 180 157,901,180.20,2,157,183,185,213,179,193,213,158,180,157,,478,B
97,,53,☆アマ,水谷 貴代,選手,右,(コロナキャットボウル半田店),"1,794",179.40,166 192 217 190 168,933,186.60,79,185 137 157 234 148,861,172.20,2,166,192,217,190,168,185,137,157,234,148,☆アマ,,B
98,45,,☆アマ,中江 紀子,選手,左,(ＭＫボウル上賀茂),"1,794",179.40,180 172 174 186 147,859,171.80,105,144 171 208 184 228,935,187.00,2,180,172,174,186,147,144,171,208,184,228,☆アマ,,A
99,46,,542,小池 沙紀,49,右,(株)ＬＴＢ／ＬＴＢボウル高松,"1,787",178.70,187 199 212 177 237,"1,012",202.40,43,147 156 142 151 179,775,155.00,2,187,199,212,177,237,147,156,142,151,179,,542,A
100,47,,推 200,加門 満代,17,左,愛知川ボウル,"1,781",178.10,160 203 156 211 169,899,179.80,92,185 146 167 192 192,882,176.40,2,160,203,156,211,169,185,146,167,192,192,推,200,A
101,48,,361,植竹 幸子,35,右,(株)STEEL SPORTS,"1,756",175.60,172 158 135 214 179,858,171.60,106,177 205 168 183 165,898,179.60,2,172,158,135,214,179,177,205,168,183,165,,361,A
102,49,,☆アマ,戸塚 知菜,選手,右,(アソビックスびさい),"1,752",175.20,128 176 160 180 187,831,166.20,112,196 166 206 191 162,921,184.20,2,128,176,160,180,187,196,166,206,191,162,☆アマ,,A
103,50,,545,大嶋 有香,49,左,フリー,"1,747",174.70,174 205 164 166 171,880,176.00,99,178 145 175 214 155,867,173.40,2,174,205,164,166,171,178,145,175,214,155,,545,A
104,51,,635,森 ひかり,57,右,フリー,"1,746",174.60,166 161 193 174 257,951,190.20,69,148 172 149 159 167,795,159.00,2,166,161,193,174,257,148,172,149,159,167,,635,A
105,,54,☆アマ,吉田由美子,選手,右,(ＪＢ推薦),"1,744",174.40,145 165 188 140 201,839,167.80,111,169 194 156 216 170,905,181.00,2,145,165,188,140,201,169,194,156,216,170,☆アマ,,B
106,52,,☆アマ,東田 菜穂,選手,右,(ＭＫボウル上賀茂),"1,740",174.00,178 174 158 175 170,855,171.00,107,177 188 173 152 195,885,177.00,2,178,174,158,175,170,177,188,173,152,195,☆アマ,,A
107,,55,☆アマ,西村沙池子,選手,右,(岡崎サンボウル),"1,739",173.90,189 202 173 176 149,889,177.80,95,189 190 148 179 144,850,170.00,2,189,202,173,176,149,189,190,148,179,144,☆アマ,,B
108,53,,☆アマ,藤田 恭子,選手,右,(ＭＫボウル上賀茂),"1,726",172.60,203 182 171 169 201,926,185.20,83,156 131 187 147 179,800,160.00,2,203,182,171,169,201,156,131,187,147,179,☆アマ,,A
109,54,,335,森 ルミ,32,左,多治見パークレーンズ/ABS,"1,722",172.20,170 213 191 148 149,871,174.20,103,152 174 179 197 149,851,170.20,2,170,213,191,148,149,152,174,179,197,149,,335,A
110,55,,595,内田 雪月,54,左,フリー,"1,717",171.70,143 167 177 236 156,879,175.80,100,167 133 204 153 181,838,167.60,2,143,167,177,236,156,167,133,204,153,181,,595,A
111,,56,589,坂野ニイナ,54,右,ジョイナスボウル,"1,704",170.40,189 149 176 155 171,840,168.00,110,172 192 164 192 144,864,172.80,2,189,149,176,155,171,172,192,164,192,144,,589,B
112,,57,622,渡辺 莉央,56,右,ＩＴカンファー(株),"1,684",168.40,161 169 156 176 159,821,164.20,114,201 190 161 139 172,863,172.60,2,161,169,156,176,159,201,190,161,139,172,,622,B
113,56,,☆アマ,宮村由紀子,選手,右,(ＮＢＦ選抜),"1,661",166.10,196 175 182 195 127,875,175.00,101,170 138 172 159 147,786,157.20,2,196,175,182,195,127,170,138,172,159,147,☆アマ,,A
114,57,,☆アマ,西山 恵子,選手,右,(ＭＫボウル上賀茂),"1,652",165.20,172 144 223 160 131,830,166.00,113,149 160 178 179 156,822,164.40,2,172,144,223,160,131,149,160,178,179,156,☆アマ,,A
115,58,,☆アマ,谷口絵里子,選手,右,(ＭＫボウル上賀茂),"1,559",155.90,145 148 180 146 189,808,161.60,115,152 141 176 138 144,751,150.20,2,145,148,180,146,189,152,141,176,138,144,☆アマ,,A
1,,1,☆アマ,日比 正裕,選手,右,(岡崎サンボウル),"2,449",244.90,257 223 223 248 259,"1,210",242.00,1,244 246 256 248 245,"1,239",247.80,1,257,223,223,248,259,244,246,256,248,245,☆アマ,,B
2,,2,1481,福原 尊,63,右両手,(株)コロナワールド,"2,393",239.30,269 211 168 268 245,"1,161",232.20,9,248 255 287 228 214,"1,232",246.40,1,269,211,168,268,245,248,255,287,228,214,,1481,B
3,,3,1131,田沢 広也,46,右,BeHAS(株),"2,372",237.20,201 290 243 237 199,"1,170",234.00,6,237 203 300 241 221,"1,202",240.40,1,201,290,243,237,199,237,203,300,241,221,,1131,B
4,1,,☆アマ,菅原 奏,選手,右両手,(ｽﾃｰｼｮﾝﾎﾞｳﾙ新田辺),"2,360",236.00,238 280 197 237 247,"1,199",239.80,2,248 258 265 145 245,"1,161",232.20,1,238,280,197,237,247,248,258,265,145,245,☆アマ,,A
5,2,,S 1423,安里 秀策,59,右,(株)コロナワールド,"2,341",234.10,245 224 256 236 200,"1,161",232.20,8,268 247 242 219 204,"1,180",236.00,1,245,224,256,236,200,268,247,242,219,204,S,1423,A
6,3,,☆アマ,中江 文義,選手,左,(ＭＫボウル上賀茂),"2,288",228.80,214 235 257 228 202,"1,136",227.20,18,224 238 248 203 239,"1,152",230.40,1,214,235,257,228,202,224,238,248,203,239,☆アマ,,A
7,,4,S 1425,伊吹 太陽,59,右,ラピュタボウル/ABS,"2,288",228.80,202 205 255 203 184,"1,049",209.80,62,235 279 269 202 254,"1,239",247.80,1,202,205,255,203,184,235,279,269,202,254,S,1425,B
8,4,,☆アマ,宮崎 雄介,選手,右両手,(ＭＫボウル上賀茂),"2,283",228.30,234 193 256 213 254,"1,150",230.00,12,244 226 256 226 181,"1,133",226.60,1,234,193,256,213,254,244,226,256,226,181,☆アマ,,A
9,5,,1338,水本 有希,53,右,ボウルアロー松原店,"2,271",227.10,243 300 203 217 226,"1,189",237.80,5,267 204 242 187 182,"1,082",216.40,1,243,300,203,217,226,267,204,242,187,182,,1338,A
10,,5,1492,横地 優輝,63,左両手,フリー,"2,270",227.00,192 245 236 201 207,"1,081",216.20,46,237 253 238 235 226,"1,189",237.80,1,192,245,236,201,207,237,253,238,235,226,,1492,B
11,,6,1461,鶴見 亮剛,62,左,フリー,"2,262",226.20,223 216 198 198 243,"1,078",215.60,48,238 236 297 187 226,"1,184",236.80,1,223,216,198,198,243,238,236,297,187,226,,1461,B
12,,7,1456,太田 貴久,61,右,J-Bowl御坊,"2,252",225.20,227 193 197 186 233,"1,036",207.20,70,258 247 249 248 214,"1,216",243.20,1,227,193,197,186,233,258,247,249,248,214,,1456,B
13,6,,1424,坂本 就馬,59,右,永山コパボウル,"2,242",224.20,259 234 233 225 245,"1,196",239.20,3,204 184 194 238 226,"1,046",209.20,1,259,234,233,225,245,204,184,194,238,226,,1424,A
14,,8,☆アマ,淺川 啓大,選手,右,(神戸六甲ボウル),"2,239",223.90,198 212 264 223 258,"1,155",231.00,10,224 279 218 177 186,"1,084",216.80,1,198,212,264,223,258,224,279,218,177,186,☆アマ,,B
15,,9,歴C 1434,原口 優馬,60,右,愛知川ボウル /(株)ﾊｲ･ｽﾎﾟｰﾂ社,"2,236",223.60,181 278 228 173 165,"1,025",205.00,80,248 258 184 241 280,"1,211",242.20,1,181,278,228,173,165,248,258,184,241,280,歴C,1434,B
16,7,,978,市原 竜太,40,右,平和島スターボウル,"2,234",223.40,234 233 223 228 222,"1,140",228.00,17,198 201 257 180 258,"1,094",218.80,1,234,233,223,228,222,198,201,257,180,258,,978,A
17,,10,1099,津島 健次,45,右,フタバボウル/ﾊｲ･ｽﾎﾟｰﾂ社,"2,231",223.10,227 205 268 184 216,"1,100",220.00,35,223 232 246 236 194,"1,131",226.20,1,227,205,268,184,216,223,232,246,236,194,,1099,B
18,8,,☆アマ,紺谷 涼太,選手,右両手,(ＭＫボウル上賀茂),"2,227",222.70,236 248 224 206 198,"1,112",222.40,28,252 225 191 224 223,"1,115",223.00,1,236,248,224,206,198,252,225,191,224,223,☆アマ,,A
19,9,,1077,堀江 真一,43,右,大学ボウル,"2,222",222.20,215 290 226 181 210,"1,122",224.40,23,213 202 233 205 247,"1,100",220.00,1,215,290,226,181,210,213,202,233,205,247,,1077,A
20,10,,CS 1478,倉持 悠人,63,右,大学ボウル,"2,221",222.10,236 147 193 278 235,"1,089",217.80,42,235 236 187 206 268,"1,132",226.40,1,236,147,193,278,235,235,236,187,206,268,CS,1478,A
21,11,,S 974,永野すばる,40,右,相模原ﾊﾟｰｸﾚｰﾝｽﾞ,"2,221",222.10,206 258 247 256 186,"1,153",230.60,11,223 227 226 198 194,"1,068",213.60,1,206,258,247,256,186,223,227,226,198,194,S,974,A
22,12,,☆アマ,勝元 貴也,選手,右,(ＭＫボウル上賀茂),"2,210",221.00,200 210 255 191 248,"1,104",220.80,32,266 214 187 225 214,"1,106",221.20,1,200,210,255,191,248,266,214,187,225,214,☆アマ,,A
23,13,,S 1345,甘糟 翔太,54,右,江の島ﾎﾞｳﾘﾝｸﾞｾﾝﾀｰ,"2,210",221.00,215 210 204 210 258,"1,097",219.40,37,208 245 212 226 222,"1,113",222.60,1,215,210,204,210,258,208,245,212,226,222,S,1345,A
24,14,,1377,羽賀 秀和,56,右,エムズケイ(株),"2,208",220.80,218 229 242 192 214,"1,095",219.00,39,248 193 217 197 258,"1,113",222.60,1,218,229,242,192,214,248,193,217,197,258,,1377,A
25,,11,☆アマ,大藪信太郎,選手,右,(ＭＫボウル上賀茂),"2,204",220.40,299 201 173 182 269,"1,124",224.80,21,258 224 233 179 186,"1,080",216.00,1,299,201,173,182,269,258,224,233,179,186,☆アマ,,B
26,,12,S 1193,斉藤 琢哉,48,左,伊勢原ﾎﾞｳﾘﾝｸﾞｾﾝﾀｰ,"2,202",220.20,216 202 267 166 235,"1,086",217.20,45,240 242 202 237 195,"1,116",223.20,1,216,202,267,166,235,240,242,202,237,195,S,1193,B
27,,13,S 1287,藤井 信人,52,右,ＩＴカンファー(株)ﾊｲ･ｽﾎﾟｰﾂ社,"2,202",220.20,233 186 199 213 205,"1,036",207.20,71,279 230 212 207 238,"1,166",233.20,1,233,186,199,213,205,279,230,212,207,238,S,1287,B
28,,14,S 1219,川添 奨太,49,右,ハイ･スポーツ社,"2,196",219.60,223 210 165 300 206,"1,104",220.80,33,246 217 198 225 206,"1,092",218.40,1,223,210,165,300,206,246,217,198,225,206,S,1219,B
29,15,,S 1446,斎藤 祐太,61,右,株式会社ボウルスター,"2,195",219.50,235 216 216 246 231,"1,144",228.80,15,214 176 236 209 216,"1,051",210.20,1,235,216,216,246,231,214,176,236,209,216,S,1446,A
30,16,,S 1289,谷合 貴志,52,右,(株)日本ｹｱｸｵﾘﾃｨ/(有)ﾕｳｷｼｽﾃﾑｻｰﾋﾞｽ,"2,194",219.40,247 279 205 216 202,"1,149",229.80,14,202 236 199 215 193,"1,045",209.00,1,247,279,205,216,202,202,236,199,215,193,S,1289,A
31,17,,S 1078,山本 勲,44,左,ＡＢＳ,"2,193",219.30,232 184 235 245 235,"1,131",226.20,19,207 182 237 219 217,"1,062",212.40,1,232,184,235,245,235,207,182,237,219,217,S,1078,A
32,18,,☆アマ,山口 直矢,選手,右両手,(ＭＫボウル上賀茂),"2,193",219.30,215 225 279 232 199,"1,150",230.00,13,183 215 213 219 213,"1,043",208.60,1,215,225,279,232,199,183,215,213,219,213,☆アマ,,A
33,19,,1370,新城 一也,55,右両手,STEEL SPORTS,"2,190",219.00,224 210 194 207 255,"1,090",218.00,40,221 210 210 247 212,"1,100",220.00,1,224,210,194,207,255,221,210,210,247,212,,1370,A
34,,15,1473,米澤 佑哉,62,右,フリー,"2,190",219.00,216 216 205 211 209,"1,057",211.40,58,223 202 257 215 236,"1,133",226.60,1,216,216,205,211,209,223,202,257,215,236,,1473,B
35,20,,949,砂子 明廣,38,右,Pro shop ZIP/(株)AREA-Do/ｻﾝﾌﾞﾘｯｼﾞ,"2,189",218.90,223 224 236 214 176,"1,073",214.60,50,247 244 198 195 232,"1,116",223.20,1,223,224,236,214,176,247,244,198,195,232,,949,A
36,,16,1160,遠藤 誠,47,右,フリー,"2,185",218.50,268 226 229 191 195,"1,109",221.80,29,181 189 234 235 237,"1,076",215.20,1,268,226,229,191,195,181,189,234,235,237,,1160,B
37,,17,☆アマ,小林 佑輔,選手,右両手,(ニッケパークボウル),"2,185",218.50,207 186 203 277 160,"1,033",206.60,76,265 204 259 226 198,"1,152",230.40,1,207,186,203,277,160,265,204,259,226,198,☆アマ,,B
38,21,,1032,工藤 貴志,42,右,新東京ﾀﾞｲﾔﾓﾝﾄﾞﾎﾞｳﾙ･横田空軍基地ﾄﾓﾀﾞﾁﾚｰﾝｽﾞ/ｻﾝﾌﾞﾘｯｼﾞ,"2,182",218.20,213 279 213 205 208,"1,118",223.60,26,216 202 235 226 185,"1,064",212.80,1,213,279,213,205,208,216,202,235,226,185,,1032,A
39,,18,歴C 1343,平岡 勇人,53,右,ラウンドワンジャパン/ﾊｲ･ｽﾎﾟｰﾂ社,"2,181",218.10,211 217 258 210 224,"1,120",224.00,24,249 227 208 173 204,"1,061",212.20,1,211,217,258,210,224,249,227,208,173,204,歴C,1343,B
40,,19,S 1400,江川 司,57,左,(株)GENDA GiGO Entertainment,"2,174",217.40,190 254 203 178 236,"1,061",212.20,56,264 201 217 213 218,"1,113",222.60,1,190,254,203,178,236,264,201,217,213,218,S,1400,B
41,,20,☆アマ,田代 寿一,選手,右,(MKボウル上賀茂),"2,168",216.80,233 166 196 247 199,"1,041",208.20,65,247 237 228 191 224,"1,127",225.40,1,233,166,196,247,199,247,237,228,191,224,☆アマ,,B
42,,21,☆アマ,堤 祐樹,選手,右,(Ｘ－ＢＯＷＬ),"2,167",216.70,208 213 176 144 248,989,197.80,94,203 279 224 235 237,"1,178",235.60,1,208,213,176,144,248,203,279,224,235,237,☆アマ,,B
43,,22,1314,児玉 侑樹,52,右,浜松グランドボウル,"2,160",216.00,148 244 215 238 134,979,195.80,99,268 194 245 246 228,"1,181",236.20,1,148,244,215,238,134,268,194,245,246,228,,1314,B
44,22,,1431,木村 晃,60,右,相模原ﾊﾟｰｸﾚｰﾝｽﾞ/ﾎﾞｳﾙｽﾀｰ,"2,150",215.00,192 235 268 227 196,"1,118",223.60,27,211 190 245 175 211,"1,032",206.40,1,192,235,268,227,196,211,190,245,175,211,,1431,A
45,,23,905,太田 隆昌,37,左,青山スポーツガーデン/ｻﾝﾌﾞﾘｯｼﾞ,"2,145",214.50,248 248 215 174 234,"1,119",223.80,25,210 200 192 207 217,"1,026",205.20,1,248,248,215,174,234,210,200,192,207,217,,905,B
46,23,,1395,佐藤 貴啓,57,右,ドリームスタジアム太田,"2,133",213.30,225 258 226 188 199,"1,096",219.20,38,237 138 205 245 212,"1,037",207.40,1,225,258,226,188,199,237,138,205,245,212,,1395,A
47,24,,1190,和田 秀和,48,右,ボウルアロー八尾/ABS,"2,132",213.20,205 300 200 229 258,"1,192",238.40,4,185 174 154 169 258,940,188.00,1,205,300,200,229,258,185,174,154,169,258,,1190,A
48,25,,1354,竹永 竜星,54,右両手,ラウンドワンジャパン,"2,127",212.70,257 247 199 268 137,"1,108",221.60,30,202 228 210 202 177,"1,019",203.80,1,257,247,199,268,137,202,228,210,202,177,,1354,A
49,,24,1066,加藤 祐哉,43,右,株式会社スポルト,"2,122",212.20,246 213 244 190 193,"1,086",217.20,44,202 205 191 232 206,"1,036",207.20,1,246,213,244,190,193,202,205,191,232,206,,1066,B
50,,25,1479,立花 仁貴,63,右両手,フリー,"2,118",211.80,226 205 187 193 226,"1,037",207.40,68,193 224 241 223 200,"1,081",216.20,1,226,205,187,193,226,193,224,241,223,200,,1479,B
51,,26,☆アマ,西川 弘樹,選手,右,(社スポーツレーン),"2,118",211.80,243 155 193 180 235,"1,006",201.20,87,214 256 194 221 227,"1,112",222.40,1,243,155,193,180,235,214,256,194,221,227,☆アマ,,B
52,26,,☆アマ,山上 駿人,選手,右両手,(ラウンドワン京都伏見店),"2,114",211.40,171 252 205 231 174,"1,033",206.60,74,205 212 183 257 224,"1,081",216.20,1,171,252,205,231,174,205,212,183,257,224,☆アマ,,A
53,,27,1085,山下 昌吾,44,右,タチバナボウル,"2,113",211.30,178 200 180 246 180,984,196.80,95,226 266 198 222 217,"1,129",225.80,1,178,200,180,246,180,226,266,198,222,217,,1085,B
54,27,,S 1180,斉藤 征哉,47,左,江の島ボウリングセンター,"2,103",210.30,213 247 201 253 249,"1,163",232.60,7,173 189 184 214 180,940,188.00,1,213,247,201,253,249,173,189,184,214,180,S,1180,A
55,28,,1399,神山 匠,57,右,(株)Star Like,"2,102",210.20,204 266 186 209 214,"1,079",215.80,47,211 227 204 191 190,"1,023",204.60,1,204,266,186,209,214,211,227,204,191,190,,1399,A
56,,28,☆アマ,福島 滉己,選手,右両手,(スエヒロボウル),"2,101",210.10,216 245 208 226 235,"1,130",226.00,20,198 178 193 225 177,971,194.20,1,216,245,208,226,235,198,178,193,225,177,☆アマ,,B
57,,29,1435,徳久 恵大,60,右,メリーランドタケオボウル,"2,099",209.90,153 208 176 222 231,990,198.00,93,266 209 236 167 231,"1,109",221.80,1,153,208,176,222,231,266,209,236,167,231,,1435,B
58,29,,848,吉田 文啓,35,右,カニエJAPAN・ｱｿﾋﾞｯｸｽ/ﾊｲ･ｽﾎﾟｰﾂ社,"2,095",209.50,216 192 199 227 255,"1,089",217.80,41,230 195 191 165 225,"1,006",201.20,1,216,192,199,227,255,230,195,191,165,225,,848,A
59,30,,1121,鈴木 勇太,46,右,荻窪ボウル,"2,095",209.50,205 248 187 244 217,"1,101",220.20,34,201 177 246 164 206,994,198.80,1,205,248,187,244,217,201,177,246,164,206,,1121,A
60,,30,☆アマ,平中 亮輔,選手,右両手,(栗東ボウリングジム),"2,090",209.00,225 171 212 237 214,"1,059",211.80,57,201 171 183 248 228,"1,031",206.20,1,225,171,212,237,214,201,171,183,248,228,☆アマ,,B
61,31,,☆アマ,村永 一樹,選手,右,(ラウンドワン守口店),"2,089",208.90,187 274 226 234 223,"1,144",228.80,16,145 177 204 195 224,945,189.00,1,187,274,226,234,223,145,177,204,195,224,☆アマ,,A
62,32,,S 1444,内藤慎之介,61,左,アルプラザボウル亀岡,"2,088",208.80,201 213 181 217 224,"1,036",207.20,69,196 237 199 225 195,"1,052",210.40,1,201,213,181,217,224,196,237,199,225,195,S,1444,A
63,,31,☆アマ,白井 康介,選手,右,(岩屋キャノンボウル),"2,084",208.40,190 189 194 217 224,"1,014",202.80,82,226 189 268 186 201,"1,070",214.00,1,190,189,194,217,224,226,189,268,186,201,☆アマ,,B
64,33,,1455,村上 裕一,61,右両手,フリー,"2,083",208.30,213 224 192 227 198,"1,054",210.80,61,199 278 178 188 186,"1,029",205.80,1,213,224,192,227,198,199,278,178,188,186,,1455,A
65,34,,1092,正田 晃也,44,右両手,(株)コロナワールド･近亀時計店･さくら,"2,081",208.10,214 184 201 247 219,"1,065",213.00,54,213 236 200 183 184,"1,016",203.20,1,214,184,201,247,219,213,236,200,183,184,,1092,A
66,,32,1448,木村 謙太,61,右,"N&KCo.,Ltd./狐ヶ崎ﾔﾝｸﾞﾗﾝﾄﾞﾎﾞｳﾙ/ﾊｲ･ｽﾎﾟｰﾂ社","2,079",207.90,236 186 204 218 199,"1,043",208.60,63,242 182 246 173 193,"1,036",207.20,1,236,186,204,218,199,242,182,246,173,193,,1448,B
67,,33,1101,村上 拓也,45,右,ジョイナスボウル坂東,"2,079",207.90,221 245 201 168 178,"1,013",202.60,83,167 230 207 247 215,"1,066",213.20,1,221,245,201,168,178,167,230,207,247,215,,1101,B
68,,34,☆アマ,五月女瑛太,選手,右両手,(ＪＢ推薦),"2,077",207.70,210 190 215 150 212,977,195.40,100,247 244 249 216 144,"1,100",220.00,1,210,190,215,150,212,247,244,249,216,144,☆アマ,,B
69,35,,☆アマ,渡邉 楓,選手,右両手,(ｽﾃｰｼｮﾝﾎﾞｳﾙ新田辺),"2,076",207.60,224 227 207 194 212,"1,064",212.80,55,245 196 199 189 183,"1,012",202.40,1,224,227,207,194,212,245,196,199,189,183,☆アマ,,A
70,,35,S 1267,森本 健太,51,左,蒲田イモンボウル/ﾊｲ･ｽﾎﾟｰﾂ社,"2,076",207.60,214 220 173 204 187,998,199.60,90,192 243 180 207 256,"1,078",215.60,1,214,220,173,204,187,192,243,180,207,256,S,1267,B
71,,36,S 1443,藤永 北斗,61,左,"N&KCo.,Ltd./STEEL SPORTS","2,076",207.60,232 278 215 215 167,"1,107",221.40,31,194 185 160 226 204,969,193.80,1,232,278,215,215,167,194,185,160,226,204,S,1443,B
72,,37,1470,安谷屋綱大,62,右,フリー,"2,074",207.40,245 173 214 154 254,"1,040",208.00,67,202 180 190 230 232,"1,034",206.80,1,245,173,214,154,254,202,180,190,230,232,,1470,B
73,36,,1365,髙橋 俊彦,55,右,サンパークレーン,"2,072",207.20,215 221 214 237 178,"1,065",213.00,53,185 213 172 228 209,"1,007",201.40,1,215,221,214,237,178,185,213,172,228,209,,1365,A
74,,38,☆アマ,森永 竜輝,選手,右,(ラウンドワン東大阪店),"2,065",206.50,213 244 223 189 155,"1,024",204.80,81,247 190 212 180 212,"1,041",208.20,1,213,244,223,189,155,247,190,212,180,212,☆アマ,,B
75,,39,1493,豊田 晃平,63,右両手,プロショップ エム,"2,062",206.20,214 205 155 204 234,"1,012",202.40,84,269 200 194 219 168,"1,050",210.00,1,214,205,155,204,234,269,200,194,219,168,,1493,B
76,,40,1476,山本 晃,62,右両手,伊賀にんにんボウル,"2,060",206.00,178 236 234 178 184,"1,010",202.00,85,176 213 234 222 205,"1,050",210.00,1,178,236,234,178,184,176,213,234,222,205,,1476,B
77,,41,S 1432,羽ヶ﨑匠海,60,右,クァトロブーム/(株)ボウルスター,"2,059",205.90,205 216 173 198 155,947,189.40,104,226 247 237 175 227,"1,112",222.40,1,205,216,173,198,155,226,247,237,175,227,S,1432,B
78,,42,1433,井口 遼太,60,右,MOTIV Bowling Products,"2,052",205.20,235 195 179 176 190,975,195.00,101,268 247 210 161 191,"1,077",215.40,1,235,195,179,176,190,268,247,210,161,191,,1433,B
79,37,,歴C 1214,福丸 哲平,48,右,(株)グランドボウル,"2,048",204.80,223 226 207 187 192,"1,035",207.00,72,245 204 166 198 200,"1,013",202.60,1,223,226,207,187,192,245,204,166,198,200,歴C,1214,A
80,,43,永S 288,酒井 武雄,9,右,ドリームスタジアム太田,"2,048",204.80,226 213 244 179 211,"1,073",214.60,51,194 199 183 193 206,975,195.00,1,226,213,244,179,211,194,199,183,193,206,永S,288,B
81,,44,1297,藤川 大輔,52,右,ラウンドワンジャパン,"2,047",204.70,194 193 192 183 233,995,199.00,91,200 224 194 243 191,"1,052",210.40,1,194,193,192,183,233,200,224,194,243,191,,1297,B
82,38,,1315,一谷 知広,52,右,ラウンドワンジャパン/コーセー産業(株),"2,043",204.30,158 228 204 257 182,"1,029",205.80,78,191 209 182 198 234,"1,014",202.80,1,158,228,204,257,182,191,209,182,198,234,,1315,A
83,39,,DC 1477,西山 翔悟,63,右,ITカンファー/ﾊｲ･ｽﾎﾟｰﾂ社,"2,040",204.00,247 228 223 211 213,"1,122",224.40,22,204 171 187 166 190,918,183.60,1,247,228,223,211,213,204,171,187,166,190,DC,1477,A
84,40,,S 1427,田中 椋也,59,右,クァトロブーム,"2,035",203.50,248 182 189 195 188,"1,002",200.40,89,223 198 225 201 186,"1,033",206.60,1,248,182,189,195,188,223,198,225,201,186,S,1427,A
85,41,,1117,松本 智弥,45,右,ラウンドワンジャパン,"2,035",203.50,252 228 266 184 157,"1,087",217.40,43,208 194 192 184 170,948,189.60,1,252,228,266,184,157,208,194,192,184,170,,1117,A
86,42,,☆アマ,立花 尚貴,選手,右,(神戸六甲ボウル),"2,028",202.80,194 212 194 216 224,"1,040",208.00,66,213 183 236 187 169,988,197.60,1,194,212,194,216,224,213,183,236,187,169,☆アマ,,A
87,,45,1386,加藤翔太郎,56,右,神奈中平塚ボウル,"2,027",202.70,172 184 168 191 148,863,172.60,121,232 256 213 226 237,"1,164",232.80,1,172,184,168,191,148,232,256,213,226,237,,1386,B
88,,46,歴C 885,平山 陽一,36,右,ＭＫボウル上賀茂,"2,020",202.00,230 205 203 202 192,"1,032",206.40,77,215 226 179 166 202,988,197.60,1,230,205,203,202,192,215,226,179,166,202,歴C,885,B
89,,47,1419,大沼はるか,58,右両手,ジョイランドボウルみしま,"2,019",201.90,197 210 191 198 231,"1,027",205.40,79,192 222 258 151 169,992,198.40,1,197,210,191,198,231,192,222,258,151,169,,1419,B
90,43,,S 1429,大久保雄矢,60,左,プロショップ･エム エムボウル,"2,019",201.90,226 203 207 193 213,"1,042",208.40,64,213 194 137 256 177,977,195.40,1,226,203,207,193,213,213,194,137,256,177,S,1429,A
91,44,,1344,竹本 圭実,54,右,賀茂ボール,"2,015",201.50,215 232 201 181 177,"1,006",201.20,86,182 201 214 166 246,"1,009",201.80,1,215,232,201,181,177,182,201,214,166,246,,1344,A
92,45,,1451,小野 在由,61,右,フリー,"2,013",201.30,214 249 215 205 215,"1,098",219.60,36,158 173 193 225 166,915,183.00,1,214,249,215,205,215,158,173,193,225,166,,1451,A
93,,48,S 1198,小林 哲也,48,左,ｲﾘｽﾎﾞｳﾙ･(株)ｺﾛﾅﾜｰﾙﾄﾞ･しんじ湖ﾎﾞｳﾙ,"2,007",200.70,200 164 228 202 208,"1,002",200.40,88,190 186 213 207 209,"1,005",201.00,1,200,164,228,202,208,190,186,213,207,209,S,1198,B
94,,49,1349,入口 光司,54,右,ラウンドワンジャパン,"2,005",200.50,131 167 202 165 187,852,170.40,123,221 290 209 222 211,"1,153",230.60,1,131,167,202,165,187,221,290,209,222,211,,1349,B
95,,50,S 761,小原 照之,32,左,スターレーン,"2,004",200.40,197 244 160 199 194,994,198.80,92,188 189 254 201 178,"1,010",202.00,1,197,244,160,199,194,188,189,254,201,178,S,761,B
96,,51,1392,松浦 和彦,56,右,フリー,"2,004",200.40,202 227 228 210 190,"1,057",211.40,59,163 202 257 156 169,947,189.40,1,202,227,228,210,190,163,202,257,156,169,,1392,B
97,,52,☆アマ,大西 亮,選手,右,(LOUNGE & BOWL B-lax),"2,002",200.20,249 179 209 186 210,"1,033",206.60,73,248 194 152 188 187,969,193.80,1,249,179,209,186,210,248,194,152,188,187,☆アマ,,B
98,46,,1390,吉野 浩章,56,右,フリー,"2,000",200.00,188 205 193 182 177,945,189.00,105,183 253 181 203 235,"1,055",211.00,1,188,205,193,182,177,183,253,181,203,235,,1390,A
99,,53,S 1394,藤村 隆史,57,右,(株)コロナワールド,"1,982",198.20,192 166 127 218 216,919,183.80,112,185 235 246 198 199,"1,063",212.60,1,192,166,127,218,216,185,235,246,198,199,S,1394,B
100,47,,1275,稲葉 竜太,51,右,StarLike / STARLIKEBOWL,"1,978",197.80,219 146 195 193 183,936,187.20,107,237 171 193 224 217,"1,042",208.40,1,219,146,195,193,183,237,171,193,224,217,,1275,A
101,,54,1229,上田 晋也,49,右,フリー,"1,977",197.70,219 214 211 217 210,"1,071",214.20,52,169 145 252 171 169,906,181.20,1,219,214,211,217,210,169,145,252,171,169,,1229,B
102,,55,1490,栗原 翔,63,右両手,フリー,"1,976",197.60,176 185 236 184 201,982,196.40,97,159 203 232 214 186,994,198.80,1,176,185,236,184,201,159,203,232,214,186,,1490,B
103,,56,1132,佐野 芳宏,46,右,(株)永田屋,"1,975",197.50,184 202 216 235 147,984,196.80,96,256 186 213 147 189,991,198.20,1,184,202,216,235,147,256,186,213,147,189,,1132,B
104,48,,1486,春木 悠里,63,右,フリー,"1,973",197.30,213 259 193 200 192,"1,057",211.40,60,146 195 200 193 182,916,183.20,1,213,259,193,200,192,146,195,200,193,182,,1486,A
105,49,,☆アマ,松田 真伍,選手,左,(ＮＢＦ選抜),"1,972",197.20,235 173 155 200 163,926,185.20,109,203 202 233 180 228,"1,046",209.20,1,235,173,155,200,163,203,202,233,180,228,☆アマ,,A
106,50,,☆アマ,岩村 聡,選手,右,(E-BOWLトマト西宮),"1,969",196.90,170 214 269 177 203,"1,033",206.60,75,146 182 234 176 198,936,187.20,1,170,214,269,177,203,146,182,234,176,198,☆アマ,,A
107,,57,1302,長岡 義一,52,右,フリー,"1,963",196.30,174 187 169 193 246,969,193.80,102,244 162 192 214 182,994,198.80,1,174,187,169,193,246,244,162,192,214,182,,1302,B
108,,58,S 1445,宮澤 拓哉,61,右,ﾊﾟｰｸﾚｰﾝ高崎･上武大学/ｻﾝﾌﾞﾘｯｼﾞ,"1,939",193.90,170 167 147 171 190,845,169.00,124,203 247 202 209 233,"1,094",218.80,1,170,167,147,171,190,203,247,202,209,233,S,1445,B
109,51,,1452,内藤 広人,61,右,岩屋ｷｬﾉﾝﾎﾞｳﾙ･(株)ｿｼｵｼﾞｬﾊﾟﾝ,"1,937",193.70,196 237 189 164 193,979,195.80,98,154 185 214 222 183,958,191.60,1,196,237,189,164,193,154,185,214,222,183,,1452,A
110,,59,☆アマ,西尾 陽太,選手,右両手,(ｽﾃｰｼｮﾝﾎﾞｳﾙ新田辺),"1,937",193.70,214 141 182 226 186,949,189.80,103,279 203 203 147 156,988,197.60,1,214,141,182,226,186,279,203,203,147,156,☆アマ,,B
111,52,,S 1361,堀ノ内智大,54,左,(株)StarLike/ｱｲﾋﾞｰﾎﾞｳﾙ越谷,"1,937",193.70,211 187 181 193 153,925,185.00,110,256 205 168 191 192,"1,012",202.40,1,211,187,181,193,153,256,205,168,191,192,S,1361,A
112,53,,☆アマ,吉見 陽輝,選手,右,(ラウンドワン京都河原町店),"1,927",192.70,213 195 216 214 235,"1,073",214.60,49,158 204 171 135 186,854,170.80,1,213,195,216,214,235,158,204,171,135,186,☆アマ,,A
113,54,,☆アマ,林 悠登,選手,左,(ＭＫボウル上賀茂),"1,924",192.40,174 210 170 177 156,887,177.40,119,206 201 159 247 224,"1,037",207.40,1,174,210,170,177,156,206,201,159,247,224,☆アマ,,A
114,55,,927,品田順一郎,37,右,藤岡ボウル/ABS,"1,920",192.00,178 185 178 214 175,930,186.00,108,204 166 193 179 248,990,198.00,1,178,185,178,214,175,204,166,193,179,248,,927,A
115,56,,☆アマ,山田 武蔵,選手,右両手,(ＭＫボウル上賀茂),"1,909",190.90,186 180 146 189 209,910,182.00,115,194 235 180 194 196,999,199.80,1,186,180,146,189,209,194,235,180,194,196,☆アマ,,A
116,57,,1467,菊田 樹,62,右両手,東名ボール,"1,891",189.10,192 186 214 182 170,944,188.80,106,199 174 157 176 241,947,189.40,1,192,186,214,182,170,199,174,157,176,241,,1467,A
117,58,,976,髙橋 昭弘,40,右,(株)コロナワールド,"1,882",188.20,162 225 170 179 172,908,181.60,116,167 233 189 202 183,974,194.80,1,162,225,170,179,172,167,233,189,202,183,,976,A
118,59,,1350,山中 悟,54,右,江の島ﾎﾞｳﾘﾝｸﾞｾﾝﾀｰ,"1,870",187.00,167 165 179 223 181,915,183.00,113,217 164 216 186 172,955,191.00,1,167,165,179,223,181,217,164,216,186,172,,1350,A
119,,60,☆アマ,小川 優,選手,右両手,(アソビックスびさい),"1,868",186.80,163 155 191 178 178,865,173.00,120,222 190 242 189 160,"1,003",200.60,1,163,155,191,178,178,222,190,242,189,160,☆アマ,,B
120,60,,推 505,西谷 逸夫,22,右,ＭＫボウル上賀茂/ABS,"1,841",184.10,185 193 202 163 179,922,184.40,111,179 194 151 207 188,919,183.80,1,185,193,202,163,179,179,194,151,207,188,推,505,A
121,61,,☆アマ,羽渕 智博,選手,右両手,(ＭＫボウル上賀茂),"1,824",182.40,168 218 203 198 124,911,182.20,114,201 181 123 198 210,913,182.60,1,168,218,203,198,124,201,181,123,198,210,☆アマ,,A
122,,61,☆アマ,菊地 優希,選手,右両手,(岡崎サンボウル),"1,800",180.00,167 169 211 151 162,860,172.00,122,169 202 204 177 188,940,188.00,1,167,169,211,151,162,169,202,204,177,188,☆アマ,,B
123,,62,☆アマ,鈴木 啓介,選手,右両手,(浜松毎日ボウル),"1,798",179.80,179 190 186 143 200,898,179.60,117,205 179 164 169 183,900,180.00,1,179,190,186,143,200,205,179,164,169,183,☆アマ,,B
124,,63,☆アマ,三谷 優斗,選手,右,(岩屋キャノンボウル),"1,798",179.80,181 177 168 212 154,892,178.40,118,145 191 201 165 204,906,181.20,1,181,177,168,212,154,145,191,201,165,204,☆アマ,,B
125,62,,☆アマ,谷口 隆紀,選手,左,(ｽﾃｰｼｮﾝﾎﾞｳﾙ新田辺),"1,684",168.40,213 179 139 158 133,822,164.40,125,199 179 173 138 173,862,172.40,1,213,179,139,158,133,199,179,173,138,173,☆アマ,,A
